year,month,hadcrut4,gistemp,berkeley,cowtan_way
1850,1,-0.808,,-1.0,-0.903
1850,2,-0.394,,-0.483,-0.306
1850,3,-0.84,,-0.62,-0.556
1850,4,-0.671,,-0.919,-0.683
1850,5,-0.435,,-0.906,-0.63
1850,6,-0.321,,-0.618,-0.403
1850,7,-0.233,,-0.472,-0.162
1850,8,-0.345,,-0.459,-0.127
1850,9,-0.547,,-0.723,-0.418
1850,10,-0.559,,-0.874,-0.749
1850,11,-0.295,,-0.878,-0.588
1850,12,-0.365,,-0.799,-0.538
1851,1,-0.404,,-0.492,-0.283
1851,2,-0.464,,-0.744,-0.543
1851,3,-0.587,,-0.885,-0.843
1851,4,-0.549,,-0.914,-0.808
1851,5,-0.403,,-0.614,-0.312
1851,6,-0.305,,-0.495,-0.19
1851,7,-0.32,,-0.44,-0.171
1851,8,-0.265,,-0.536,-0.183
1851,9,-0.209,,-0.621,-0.18
1851,10,-0.165,,-0.395,-0.174
1851,11,-0.128,,-0.643,-0.23
1851,12,-0.159,,-0.442,-0.174
1852,1,-0.423,,-0.539,-0.608
1852,2,-0.585,,-0.786,-0.605
1852,3,-0.61,,-1.028,-0.789
1852,4,-0.665,,-0.816,-0.816
1852,5,-0.319,,-0.443,-0.227
1852,6,-0.148,,-0.414,-0.113
1852,7,-0.126,,-0.329,-0.08
1852,8,-0.31,,-0.634,-0.313
1852,9,-0.233,,-0.595,-0.217
1852,10,-0.324,,-0.451,-0.281
1852,11,-0.301,,-0.811,-0.519
1852,12,-0.035,,-0.22,0.055
1853,1,-0.29,,-0.616,-0.385
1853,2,-0.435,,-0.694,-0.501
1853,3,-0.417,,-0.746,-0.599
1853,4,-0.463,,-0.646,-0.563
1853,5,-0.376,,-0.547,-0.362
1853,6,-0.283,,-0.479,-0.296
1853,7,-0.167,,-0.266,-0.035
1853,8,-0.256,,-0.368,-0.157
1853,9,-0.512,,-0.691,-0.46
1853,10,-0.47,,-0.761,-0.577
1853,11,-0.363,,-0.927,-0.725
1853,12,-0.545,,-0.617,-0.58
1854,1,-0.473,,-0.815,-0.619
1854,2,-0.39,,-0.86,-0.577
1854,3,-0.394,,-0.569,-0.357
1854,4,-0.461,,-0.659,-0.45
1854,5,-0.341,,-0.571,-0.513
1854,6,-0.327,,-0.721,-0.491
1854,7,-0.335,,-0.457,-0.268
1854,8,-0.275,,-0.462,-0.158
1854,9,-0.227,,-0.517,-0.15
1854,10,-0.3,,-0.165,-0.104
1854,11,-0.475,,-0.538,-0.432
1854,12,-0.341,,-0.415,-0.418
1855,1,-0.277,,-0.268,-0.211
1855,2,-0.509,,-0.384,-0.525
1855,3,-0.414,,-0.533,-0.499
1855,4,-0.331,,-0.35,-0.186
1855,5,-0.446,,-0.476,-0.354
1855,6,-0.275,,-0.517,-0.265
1855,7,-0.379,,-0.616,-0.356
1855,8,-0.271,,-0.515,-0.232
1855,9,-0.444,,-0.741,-0.498
1855,10,-0.325,,-0.583,-0.352
1855,11,-0.322,,-0.584,-0.406
1855,12,-0.626,,-0.855,-0.614
1856,1,-0.23,,-0.381,-0.29
1856,2,-0.484,,-0.743,-0.637
1856,3,-0.636,,-0.711,-0.665
1856,4,-0.488,,-0.566,-0.508
1856,5,-0.237,,-0.539,-0.383
1856,6,-0.399,,-0.392,-0.247
1856,7,-0.412,,-0.545,-0.364
1856,8,-0.417,,-0.799,-0.406
1856,9,-0.569,,-0.988,-0.661
1856,10,-0.499,,-0.904,-0.598
1856,11,-0.716,,-0.839,-0.729
1856,12,-0.557,,-0.663,-0.574
1857,1,-0.621,,-0.793,-0.822
1857,2,-0.453,,-0.794,-0.537
1857,3,-0.542,,-0.763,-0.646
1857,4,-0.757,,-1.123,-0.925
1857,5,-0.678,,-1.076,-0.856
1857,6,-0.418,,-0.843,-0.395
1857,7,-0.649,,-0.739,-0.539
1857,8,-0.437,,-0.733,-0.319
1857,9,-0.501,,-0.719,-0.464
1857,10,-0.582,,-0.765,-0.57
1857,11,-0.776,,-0.792,-0.751
1857,12,-0.466,,-0.591,-0.395
1858,1,-0.636,,-0.544,-0.531
1858,2,-0.816,,-0.824,-0.69
1858,3,-0.656,,-0.563,-0.653
1858,4,-0.62,,-0.574,-0.454
1858,5,-0.761,,-0.76,-0.671
1858,6,-0.69,,-0.641,-0.581
1858,7,-0.437,,-0.698,-0.434
1858,8,-0.386,,-0.691,-0.431
1858,9,-0.44,,-0.787,-0.503
1858,10,-0.319,,-0.582,-0.357
1858,11,-0.751,,-0.515,-0.628
1858,12,-0.412,,-0.817,-0.518
1859,1,-0.416,,-0.703,-0.665
1859,2,-0.297,,-0.752,-0.573
1859,3,-0.435,,-0.567,-0.571
1859,4,-0.303,,-0.368,-0.233
1859,5,-0.415,,-0.378,-0.366
1859,6,-0.356,,-0.505,-0.361
1859,7,-0.382,,-0.661,-0.483
1859,8,-0.208,,-0.739,-0.346
1859,9,-0.673,,-0.934,-0.789
1859,10,-0.357,,-0.606,-0.386
1859,11,-0.423,,-0.584,-0.457
1859,12,-0.471,,-0.546,-0.468
1860,1,-0.289,,-0.664,-0.581
1860,2,-0.534,,-0.633,-0.639
1860,3,-0.75,,-1.061,-1.104
1860,4,-0.44,,-0.678,-0.589
1860,5,-0.401,,-0.57,-0.48
1860,6,-0.417,,-0.541,-0.464
1860,7,-0.217,,-0.46,-0.237
1860,8,-0.29,,-0.397,-0.269
1860,9,-0.325,,-0.473,-0.255
1860,10,-0.303,,-0.557,-0.392
1860,11,-0.623,,-0.813,-0.748
1860,12,-0.87,,-1.24,-1.097
1861,1,-1.001,,-1.419,-1.243
1861,2,-0.616,,-1.053,-0.933
1861,3,-0.572,,-0.961,-0.663
1861,4,-0.494,,-0.729,-0.421
1861,5,-0.876,,-0.738,-0.745
1861,6,-0.297,,-0.64,-0.412
1861,7,-0.329,,-0.561,-0.52
1861,8,-0.202,,-0.457,-0.176
1861,9,-0.438,,-0.668,-0.425
1861,10,-0.47,,-0.801,-0.571
1861,11,-0.525,,-0.566,-0.625
1861,12,-0.355,,-0.726,-0.539
1862,1,-0.85,,-1.182,-1.049
1862,2,-0.888,,-0.961,-0.773
1862,3,-0.511,,-0.727,-0.715
1862,4,-0.348,,-0.861,-0.709
1862,5,-0.333,,-0.569,-0.564
1862,6,-0.444,,-0.619,-0.425
1862,7,-0.452,,-0.649,-0.447
1862,8,-0.808,,-0.774,-0.722
1862,9,-0.528,,-0.885,-0.496
1862,10,-0.528,,-0.79,-0.586
1862,11,-0.874,,-0.987,-0.77
1862,12,-0.995,,-1.308,-1.169
1863,1,0.014,,-0.448,-0.443
1863,2,-0.132,,-0.443,-0.486
1863,3,-0.473,,-0.631,-0.653
1863,4,-0.352,,-0.521,-0.467
1863,5,-0.437,,-0.475,-0.474
1863,6,-0.51,,-0.616,-0.541
1863,7,-0.531,,-0.66,-0.383
1863,8,-0.434,,-0.675,-0.469
1863,9,-0.424,,-0.804,-0.432
1863,10,-0.492,,-0.794,-0.575
1863,11,-0.437,,-0.681,-0.59
1863,12,-0.449,,-0.729,-0.541
1864,1,-1.049,,-0.922,-1.009
1864,2,-0.74,,-0.738,-0.767
1864,3,-0.615,,-0.687,-0.639
1864,4,-0.656,,-0.7,-0.7
1864,5,-0.562,,-0.431,-0.412
1864,6,-0.273,,-0.392,-0.272
1864,7,-0.267,,-0.482,-0.349
1864,8,-0.419,,-0.619,-0.452
1864,9,-0.553,,-0.733,-0.584
1864,10,-0.814,,-0.61,-0.725
1864,11,-0.58,,-0.663,-0.471
1864,12,-0.723,,-0.737,-0.748
1865,1,-0.209,,-0.249,-0.35
1865,2,-0.723,,-0.648,-0.595
1865,3,-0.754,,-0.724,-0.842
1865,4,-0.344,,-0.719,-0.585
1865,5,-0.373,,-0.556,-0.469
1865,6,-0.393,,-0.54,-0.331
1865,7,-0.244,,-0.444,-0.373
1865,8,-0.318,,-0.453,-0.342
1865,9,-0.193,,-0.489,-0.288
1865,10,-0.378,,-0.459,-0.367
1865,11,-0.308,,-0.453,-0.477
1865,12,-0.45,,-0.752,-0.538
1866,1,-0.071,,-0.234,-0.343
1866,2,-0.324,,-0.616,-0.455
1866,3,-0.704,,-0.718,-0.688
1866,4,-0.373,,-0.783,-0.659
1866,5,-0.638,,-0.597,-0.643
1866,6,-0.01,,-0.466,-0.169
1866,7,-0.09,,-0.125,-0.113
1866,8,-0.381,,-0.455,-0.34
1866,9,-0.34,,-0.601,-0.505
1866,10,-0.533,,-0.593,-0.513
1866,11,-0.417,,-0.393,-0.362
1866,12,-0.442,,-0.224,-0.35
1867,1,-0.421,,-0.431,-0.431
1867,2,-0.101,,-0.638,-0.533
1867,3,-0.822,,-0.603,-0.816
1867,4,-0.374,,-0.469,-0.563
1867,5,-0.654,,-0.719,-0.719
1867,6,-0.412,,-0.517,-0.511
1867,7,-0.355,,-0.488,-0.419
1867,8,-0.342,,-0.577,-0.506
1867,9,-0.211,,-0.438,-0.27
1867,10,-0.294,,-0.258,-0.283
1867,11,-0.422,,-0.002,-0.217
1867,12,-0.736,,-0.399,-0.483
1868,1,-0.808,,-0.749,-0.822
1868,2,-0.579,,-0.898,-0.846
1868,3,-0.187,,-0.586,-0.499
1868,4,-0.489,,-0.388,-0.431
1868,5,-0.185,,-0.34,-0.309
1868,6,-0.286,,-0.334,-0.282
1868,7,0.03,,-0.135,-0.042
1868,8,-0.149,,-0.282,-0.195
1868,9,-0.31,,-0.488,-0.343
1868,10,-0.346,,-0.235,-0.256
1868,11,-0.613,,-0.573,-0.449
1868,12,-0.239,,-0.366,-0.274
1869,1,-0.357,,-0.424,-0.457
1869,2,0.15,,-0.286,-0.062
1869,3,-0.699,,-0.694,-0.774
1869,4,-0.329,,-0.531,-0.483
1869,5,-0.389,,-0.433,-0.435
1869,6,-0.484,,-0.467,-0.436
1869,7,-0.401,,-0.482,-0.485
1869,8,-0.192,,-0.439,-0.248
1869,9,-0.304,,-0.314,-0.317
1869,10,-0.525,,-0.437,-0.365
1869,11,-0.479,,-0.43,-0.351
1869,12,-0.466,,-0.656,-0.622
1870,1,-0.19,,-0.549,-0.379
1870,2,-0.561,,-0.738,-0.657
1870,3,-0.508,,-0.594,-0.581
1870,4,-0.314,,-0.515,-0.455
1870,5,-0.276,,-0.467,-0.442
1870,6,-0.324,,-0.368,-0.315
1870,7,-0.09,,-0.345,-0.153
1870,8,-0.367,,-0.54,-0.419
1870,9,-0.372,,-0.459,-0.334
1870,10,-0.511,,-0.588,-0.479
1870,11,-0.278,,-0.576,-0.451
1870,12,-0.828,,-0.817,-0.801
1871,1,-0.636,,-0.757,-0.7
1871,2,-0.656,,-0.803,-0.704
1871,3,-0.105,,-0.487,-0.377
1871,4,-0.247,,-0.3,-0.331
1871,5,-0.417,,-0.503,-0.51
1871,6,-0.33,,-0.435,-0.343
1871,7,-0.121,,-0.373,-0.177
1871,8,-0.329,,-0.423,-0.327
1871,9,-0.561,,-0.627,-0.481
1871,10,-0.588,,-0.493,-0.545
1871,11,-0.646,,-0.786,-0.665
1871,12,-0.669,,-0.628,-0.577
1872,1,-0.418,,-0.694,-0.697
1872,2,-0.513,,-0.659,-0.637
1872,3,-0.578,,-0.546,-0.594
1872,4,-0.258,,-0.565,-0.506
1872,5,-0.149,,-0.427,-0.281
1872,6,-0.313,,-0.51,-0.426
1872,7,-0.221,,-0.336,-0.198
1872,8,-0.135,,-0.263,-0.126
1872,9,-0.236,,-0.412,-0.272
1872,10,-0.335,,-0.426,-0.309
1872,11,-0.352,,-0.656,-0.439
1872,12,-0.534,,-0.73,-0.678
1873,1,-0.138,,-0.521,-0.353
1873,2,-0.452,,-0.315,-0.389
1873,3,-0.398,,-0.534,-0.497
1873,4,-0.632,,-0.711,-0.616
1873,5,-0.52,,-0.512,-0.454
1873,6,-0.365,,-0.46,-0.369
1873,7,-0.258,,-0.399,-0.299
1873,8,-0.267,,-0.38,-0.246
1873,9,-0.463,,-0.606,-0.48
1873,10,-0.509,,-0.458,-0.424
1873,11,-0.572,,-0.57,-0.527
1873,12,-0.38,,-0.446,-0.319
1874,1,-0.045,,-0.446,-0.339
1874,2,-0.543,,-0.55,-0.556
1874,3,-0.664,,-0.892,-0.816
1874,4,-0.612,,-0.631,-0.555
1874,5,-0.575,,-0.568,-0.485
1874,6,-0.565,,-0.575,-0.717
1874,7,-0.277,,-0.506,-0.326
1874,8,-0.471,,-0.431,-0.379
1874,9,-0.312,,-0.437,-0.283
1874,10,-0.541,,-0.575,-0.583
1874,11,-0.609,,-0.669,-0.575
1874,12,-0.512,,-0.534,-0.423
1875,1,-0.679,,-0.713,-0.672
1875,2,-0.705,,-0.659,-0.62
1875,3,-0.705,,-0.709,-0.719
1875,4,-0.574,,-0.639,-0.572
1875,5,-0.283,,-0.55,-0.415
1875,6,-0.341,,-0.561,-0.393
1875,7,-0.407,,-0.491,-0.337
1875,8,-0.288,,-0.512,-0.269
1875,9,-0.376,,-0.527,-0.295
1875,10,-0.471,,-0.45,-0.341
1875,11,-0.611,,-0.801,-0.61
1875,12,-0.614,,-0.694,-0.678
1876,1,-0.423,,-0.619,-0.631
1876,2,-0.387,,-0.569,-0.449
1876,3,-0.496,,-0.583,-0.497
1876,4,-0.406,,-0.555,-0.506
1876,5,-0.641,,-0.779,-0.678
1876,6,-0.39,,-0.584,-0.441
1876,7,-0.245,,-0.37,-0.161
1876,8,-0.356,,-0.546,-0.353
1876,9,-0.544,,-0.633,-0.434
1876,10,-0.496,,-0.558,-0.45
1876,11,-0.694,,-0.746,-0.701
1876,12,-0.824,,-0.821,-0.767
1877,1,-0.435,,-0.449,-0.523
1877,2,-0.059,,-0.357,-0.35
1877,3,-0.388,,-0.216,-0.192
1877,4,-0.429,,-0.391,-0.402
1877,5,-0.562,,-0.365,-0.495
1877,6,-0.2,,-0.306,-0.152
1877,7,-0.095,,-0.13,-0.114
1877,8,0.039,,-0.019,0.136
1877,9,-0.08,,-0.089,-0.007
1877,10,-0.046,,-0.069,0.008
1877,11,-0.012,,-0.046,-0.025
1877,12,0.062,,-0.304,-0.257
1878,1,0.066,,-0.228,-0.216
1878,2,0.295,,0.13,0.105
1878,3,0.235,,0.298,0.162
1878,4,0.211,,0.042,0.063
1878,5,-0.19,,-0.298,-0.262
1878,6,-0.089,,-0.154,-0.073
1878,7,-0.157,,-0.104,-0.116
1878,8,-0.131,,-0.148,-0.095
1878,9,-0.091,,-0.254,-0.049
1878,10,-0.23,,-0.275,-0.185
1878,11,-0.308,,-0.216,-0.251
1878,12,-0.464,,-0.361,-0.439
1879,1,-0.301,,-0.37,-0.292
1879,2,-0.257,,-0.505,-0.388
1879,3,-0.202,,-0.317,-0.254
1879,4,-0.322,,-0.555,-0.504
1879,5,-0.32,,-0.488,-0.422
1879,6,-0.378,,-0.404,-0.413
1879,7,-0.338,,-0.435,-0.339
1879,8,-0.275,,-0.503,-0.29
1879,9,-0.323,,-0.575,-0.344
1879,10,-0.23,,-0.358,-0.218
1879,11,-0.498,,-0.482,-0.409
1879,12,-0.623,,-0.708,-0.657
1880,1,-0.175,-0.516,-0.655,-0.534
1880,2,-0.281,-0.406,-0.746,-0.503
1880,3,-0.212,-0.336,-0.501,-0.294
1880,4,-0.258,-0.426,-0.553,-0.405
1880,5,-0.352,-0.346,-0.447,-0.353
1880,6,-0.415,-0.456,-0.511,-0.404
1880,7,-0.355,-0.436,-0.494,-0.394
1880,8,-0.224,-0.316,-0.43,-0.243
1880,9,-0.343,-0.386,-0.662,-0.415
1880,10,-0.494,-0.456,-0.579,-0.511
1880,11,-0.516,-0.426,-0.426,-0.36
1880,12,-0.402,-0.456,-0.48,-0.451
1881,1,-0.461,-0.376,-0.35,-0.346
1881,2,-0.342,-0.396,-0.46,-0.345
1881,3,-0.289,-0.186,-0.334,-0.332
1881,4,-0.239,-0.186,-0.257,-0.19
1881,5,-0.138,-0.206,-0.296,-0.229
1881,6,-0.338,-0.426,-0.585,-0.503
1881,7,-0.256,-0.296,-0.385,-0.345
1881,8,-0.231,-0.256,-0.414,-0.242
1881,9,-0.348,-0.366,-0.557,-0.388
1881,10,-0.383,-0.436,-0.5,-0.378
1881,11,-0.442,-0.446,-0.654,-0.495
1881,12,-0.238,-0.336,-0.468,-0.347
1882,1,0.017,-0.086,-0.157,-0.083
1882,2,-0.116,-0.076,-0.244,-0.157
1882,3,-0.159,-0.196,-0.349,-0.265
1882,4,-0.391,-0.416,-0.52,-0.48
1882,5,-0.48,-0.386,-0.494,-0.52
1882,6,-0.423,-0.486,-0.596,-0.513
1882,7,-0.295,-0.436,-0.594,-0.418
1882,8,-0.329,-0.286,-0.444,-0.308
1882,9,-0.264,-0.326,-0.467,-0.271
1882,10,-0.437,-0.476,-0.615,-0.519
1882,11,-0.42,-0.386,-0.675,-0.516
1882,12,-0.579,-0.476,-0.858,-0.793
1883,1,-0.508,-0.546,-0.654,-0.609
1883,2,-0.429,-0.616,-0.689,-0.575
1883,3,-0.454,-0.356,-0.353,-0.347
1883,4,-0.505,-0.406,-0.575,-0.533
1883,5,-0.364,-0.426,-0.484,-0.412
1883,6,-0.232,-0.356,-0.381,-0.321
1883,7,-0.308,-0.316,-0.519,-0.376
1883,8,-0.318,-0.386,-0.584,-0.399
1883,9,-0.387,-0.436,-0.623,-0.419
1883,10,-0.487,-0.366,-0.497,-0.446
1883,11,-0.42,-0.456,-0.729,-0.581
1883,12,-0.431,-0.386,-0.523,-0.47
1884,1,-0.511,-0.386,-0.489,-0.497
1884,2,-0.325,-0.316,-0.457,-0.38
1884,3,-0.567,-0.596,-0.748,-0.687
1884,4,-0.635,-0.656,-0.801,-0.755
1884,5,-0.504,-0.596,-0.79,-0.689
1884,6,-0.519,-0.636,-0.741,-0.634
1884,7,-0.532,-0.576,-0.773,-0.687
1884,8,-0.521,-0.496,-0.739,-0.569
1884,9,-0.454,-0.506,-0.752,-0.604
1884,10,-0.44,-0.466,-0.714,-0.572
1884,11,-0.675,-0.526,-0.823,-0.757
1884,12,-0.523,-0.516,-0.683,-0.602
1885,1,-0.61,-0.816,-0.945,-0.813
1885,2,-0.52,-0.526,-0.733,-0.605
1885,3,-0.59,-0.476,-0.609,-0.616
1885,4,-0.577,-0.656,-0.749,-0.761
1885,5,-0.626,-0.646,-0.773,-0.731
1885,6,-0.594,-0.666,-0.819,-0.763
1885,7,-0.424,-0.586,-0.6,-0.51
1885,8,-0.613,-0.546,-0.671,-0.566
1885,9,-0.437,-0.466,-0.671,-0.475
1885,10,-0.35,-0.416,-0.557,-0.448
1885,11,-0.37,-0.426,-0.651,-0.563
1885,12,-0.263,-0.276,-0.441,-0.338
1886,1,-0.504,-0.646,-0.866,-0.689
1886,2,-0.578,-0.686,-0.918,-0.737
1886,3,-0.52,-0.616,-0.844,-0.687
1886,4,-0.446,-0.506,-0.675,-0.591
1886,5,-0.296,-0.486,-0.54,-0.418
1886,6,-0.49,-0.616,-0.713,-0.623
1886,7,-0.388,-0.446,-0.531,-0.42
1886,8,-0.443,-0.566,-0.662,-0.459
1886,9,-0.54,-0.486,-0.714,-0.532
1886,10,-0.469,-0.516,-0.672,-0.501
1886,11,-0.531,-0.536,-0.793,-0.634
1886,12,-0.528,-0.486,-0.617,-0.541
1887,1,-0.674,-0.956,-1.188,-0.974
1887,2,-0.664,-0.756,-0.976,-0.861
1887,3,-0.565,-0.566,-0.716,-0.605
1887,4,-0.543,-0.616,-0.604,-0.513
1887,5,-0.463,-0.546,-0.676,-0.612
1887,6,-0.512,-0.466,-0.712,-0.553
1887,7,-0.382,-0.466,-0.581,-0.484
1887,8,-0.47,-0.546,-0.76,-0.587
1887,9,-0.445,-0.456,-0.636,-0.468
1887,10,-0.607,-0.556,-0.654,-0.531
1887,11,-0.512,-0.466,-0.666,-0.545
1887,12,-0.503,-0.556,-0.66,-0.565
1888,1,-0.699,-0.606,-0.619,-0.617
1888,2,-0.548,-0.586,-0.78,-0.657
1888,3,-0.642,-0.636,-0.71,-0.68
1888,4,-0.346,-0.456,-0.632,-0.508
1888,5,-0.455,-0.446,-0.576,-0.507
1888,6,-0.4,-0.416,-0.571,-0.441
1888,7,-0.412,-0.326,-0.477,-0.407
1888,8,-0.386,-0.386,-0.496,-0.353
1888,9,-0.327,-0.326,-0.562,-0.412
1888,10,-0.203,-0.216,-0.306,-0.186
1888,11,-0.302,-0.226,-0.392,-0.332
1888,12,-0.277,-0.296,-0.382,-0.364
1889,1,-0.175,-0.346,-0.359,-0.32
1889,2,-0.19,-0.046,-0.037,-0.042
1889,3,-0.172,-0.146,-0.199,-0.214
1889,4,-0.098,-0.156,-0.173,-0.15
1889,5,-0.188,-0.256,-0.367,-0.287
1889,6,-0.252,-0.366,-0.401,-0.258
1889,7,-0.299,-0.326,-0.377,-0.281
1889,8,-0.328,-0.426,-0.507,-0.363
1889,9,-0.489,-0.446,-0.607,-0.47
1889,10,-0.406,-0.456,-0.517,-0.398
1889,11,-0.506,-0.556,-0.75,-0.556
1889,12,-0.287,-0.526,-0.591,-0.526
1890,1,-0.437,-0.666,-0.701,-0.632
1890,2,-0.476,-0.676,-0.672,-0.565
1890,3,-0.571,-0.626,-0.796,-0.703
1890,4,-0.432,-0.596,-0.649,-0.512
1890,5,-0.525,-0.686,-0.707,-0.606
1890,6,-0.479,-0.496,-0.659,-0.513
1890,7,-0.513,-0.496,-0.643,-0.563
1890,8,-0.524,-0.616,-0.685,-0.523
1890,9,-0.581,-0.626,-0.712,-0.495
1890,10,-0.606,-0.466,-0.533,-0.471
1890,11,-0.663,-0.706,-0.904,-0.743
1890,12,-0.519,-0.546,-0.598,-0.516
1891,1,-0.62,-0.646,-0.701,-0.676
1891,2,-0.582,-0.706,-0.826,-0.672
1891,3,-0.471,-0.416,-0.445,-0.381
1891,4,-0.466,-0.506,-0.599,-0.562
1891,5,-0.307,-0.416,-0.479,-0.366
1891,6,-0.396,-0.436,-0.598,-0.441
1891,7,-0.431,-0.436,-0.6,-0.44
1891,8,-0.421,-0.386,-0.536,-0.431
1891,9,-0.301,-0.366,-0.49,-0.33
1891,10,-0.43,-0.446,-0.588,-0.444
1891,11,-0.649,-0.576,-0.757,-0.634
1891,12,-0.223,-0.276,-0.368,-0.37
1892,1,-0.506,-0.506,-0.486,-0.53
1892,2,-0.22,-0.346,-0.409,-0.307
1892,3,-0.578,-0.576,-0.665,-0.663
1892,4,-0.592,-0.576,-0.723,-0.678
1892,5,-0.511,-0.476,-0.636,-0.573
1892,6,-0.569,-0.466,-0.539,-0.547
1892,7,-0.634,-0.556,-0.723,-0.669
1892,8,-0.551,-0.476,-0.661,-0.604
1892,9,-0.433,-0.356,-0.553,-0.396
1892,10,-0.549,-0.346,-0.43,-0.45
1892,11,-0.735,-0.636,-0.926,-0.75
1892,12,-0.901,-0.606,-0.689,-0.839
1893,1,-1.082,-1.016,-1.102,-1.034
1893,2,-0.835,-0.766,-0.837,-0.805
1893,3,-0.481,-0.456,-0.516,-0.487
1893,4,-0.675,-0.526,-0.587,-0.602
1893,5,-0.667,-0.586,-0.611,-0.597
1893,6,-0.567,-0.506,-0.523,-0.496
1893,7,-0.385,-0.386,-0.399,-0.296
1893,8,-0.399,-0.486,-0.478,-0.362
1893,9,-0.538,-0.426,-0.591,-0.506
1893,10,-0.382,-0.386,-0.465,-0.379
1893,11,-0.523,-0.386,-0.561,-0.479
1893,12,-0.448,-0.576,-0.636,-0.588
1894,1,-0.573,-0.756,-0.768,-0.695
1894,2,-0.482,-0.556,-0.667,-0.525
1894,3,-0.488,-0.466,-0.574,-0.541
1894,4,-0.496,-0.706,-0.747,-0.601
1894,5,-0.529,-0.576,-0.613,-0.572
1894,6,-0.601,-0.666,-0.66,-0.608
1894,7,-0.423,-0.486,-0.492,-0.364
1894,8,-0.449,-0.446,-0.519,-0.445
1894,9,-0.566,-0.476,-0.596,-0.471
1894,10,-0.552,-0.426,-0.424,-0.398
1894,11,-0.528,-0.476,-0.61,-0.489
1894,12,-0.518,-0.416,-0.56,-0.581
1895,1,-0.605,-0.666,-0.694,-0.613
1895,2,-0.785,-0.646,-0.716,-0.697
1895,3,-0.627,-0.506,-0.654,-0.695
1895,4,-0.513,-0.466,-0.519,-0.496
1895,5,-0.523,-0.496,-0.572,-0.57
1895,6,-0.441,-0.466,-0.508,-0.458
1895,7,-0.456,-0.396,-0.44,-0.398
1895,8,-0.369,-0.386,-0.489,-0.383
1895,9,-0.392,-0.316,-0.549,-0.396
1895,10,-0.445,-0.306,-0.454,-0.414
1895,11,-0.405,-0.366,-0.45,-0.347
1895,12,-0.426,-0.376,-0.415,-0.439
1896,1,-0.327,-0.476,-0.454,-0.4
1896,2,-0.338,-0.366,-0.536,-0.376
1896,3,-0.495,-0.476,-0.66,-0.571
1896,4,-0.46,-0.526,-0.698,-0.573
1896,5,-0.313,-0.406,-0.482,-0.423
1896,6,-0.227,-0.366,-0.366,-0.28
1896,7,-0.22,-0.256,-0.314,-0.199
1896,8,-0.171,-0.266,-0.328,-0.213
1896,9,-0.217,-0.256,-0.396,-0.195
1896,10,-0.231,-0.106,-0.276,-0.206
1896,11,-0.394,-0.296,-0.477,-0.341
1896,12,-0.142,-0.256,-0.323,-0.117
1897,1,-0.311,-0.366,-0.401,-0.36
1897,2,-0.233,-0.366,-0.525,-0.383
1897,3,-0.383,-0.356,-0.516,-0.386
1897,4,-0.184,-0.246,-0.28,-0.202
1897,5,-0.139,-0.276,-0.238,-0.183
1897,6,-0.263,-0.386,-0.377,-0.267
1897,7,-0.265,-0.296,-0.402,-0.287
1897,8,-0.257,-0.336,-0.422,-0.29
1897,9,-0.243,-0.296,-0.475,-0.31
1897,10,-0.366,-0.346,-0.438,-0.356
1897,11,-0.561,-0.416,-0.569,-0.482
1897,12,-0.585,-0.416,-0.473,-0.486
1898,1,-0.193,-0.256,-0.371,-0.334
1898,2,-0.488,-0.526,-0.732,-0.623
1898,3,-0.857,-0.746,-0.845,-0.839
1898,4,-0.681,-0.556,-0.619,-0.618
1898,5,-0.582,-0.546,-0.672,-0.666
1898,6,-0.427,-0.436,-0.466,-0.423
1898,7,-0.485,-0.466,-0.559,-0.465
1898,8,-0.414,-0.476,-0.576,-0.455
1898,9,-0.44,-0.446,-0.599,-0.481
1898,10,-0.664,-0.556,-0.691,-0.624
1898,11,-0.557,-0.606,-0.759,-0.591
1898,12,-0.454,-0.476,-0.628,-0.587
1899,1,-0.316,-0.416,-0.451,-0.429
1899,2,-0.602,-0.626,-0.73,-0.601
1899,3,-0.652,-0.566,-0.651,-0.671
1899,4,-0.459,-0.436,-0.454,-0.472
1899,5,-0.424,-0.456,-0.457,-0.404
1899,6,-0.498,-0.556,-0.618,-0.564
1899,7,-0.383,-0.406,-0.484,-0.401
1899,8,-0.255,-0.296,-0.349,-0.242
1899,9,-0.244,-0.256,-0.336,-0.238
1899,10,-0.296,-0.276,-0.305,-0.279
1899,11,-0.08,-0.106,-0.177,-0.137
1899,12,-0.558,-0.506,-0.505,-0.512
1900,1,-0.374,-0.596,-0.637,-0.571
1900,2,-0.28,-0.256,-0.237,-0.198
1900,3,-0.393,-0.216,-0.188,-0.273
1900,4,-0.369,-0.346,-0.331,-0.289
1900,5,-0.381,-0.326,-0.284,-0.341
1900,6,-0.288,-0.356,-0.363,-0.252
1900,7,-0.298,-0.356,-0.392,-0.261
1900,8,-0.293,-0.336,-0.383,-0.301
1900,9,-0.338,-0.276,-0.38,-0.296
1900,10,-0.166,-0.136,-0.192,-0.135
1900,11,-0.371,-0.326,-0.444,-0.358
1900,12,-0.183,-0.296,-0.378,-0.319
1901,1,-0.284,-0.466,-0.512,-0.418
1901,2,-0.38,-0.266,-0.325,-0.29
1901,3,-0.344,-0.146,-0.249,-0.284
1901,4,-0.295,-0.266,-0.264,-0.232
1901,5,-0.304,-0.396,-0.373,-0.279
1901,6,-0.254,-0.346,-0.428,-0.268
1901,7,-0.296,-0.376,-0.47,-0.343
1901,8,-0.304,-0.426,-0.419,-0.281
1901,9,-0.451,-0.446,-0.505,-0.378
1901,10,-0.406,-0.526,-0.509,-0.396
1901,11,-0.55,-0.386,-0.542,-0.465
1901,12,-0.536,-0.496,-0.486,-0.512
1902,1,-0.34,-0.426,-0.503,-0.48
1902,2,-0.368,-0.256,-0.321,-0.3
1902,3,-0.506,-0.516,-0.605,-0.572
1902,4,-0.559,-0.536,-0.532,-0.496
1902,5,-0.509,-0.586,-0.574,-0.525
1902,6,-0.532,-0.576,-0.588,-0.505
1902,7,-0.499,-0.516,-0.504,-0.408
1902,8,-0.476,-0.556,-0.502,-0.412
1902,9,-0.469,-0.516,-0.521,-0.384
1902,10,-0.585,-0.526,-0.587,-0.533
1902,11,-0.646,-0.616,-0.773,-0.654
1902,12,-0.634,-0.686,-0.746,-0.679
1903,1,-0.377,-0.486,-0.472,-0.475
1903,2,-0.289,-0.266,-0.367,-0.262
1903,3,-0.466,-0.456,-0.507,-0.488
1903,4,-0.581,-0.656,-0.685,-0.624
1903,5,-0.571,-0.676,-0.647,-0.595
1903,6,-0.645,-0.686,-0.748,-0.643
1903,7,-0.593,-0.606,-0.678,-0.539
1903,8,-0.695,-0.706,-0.785,-0.652
1903,9,-0.626,-0.706,-0.801,-0.583
1903,10,-0.761,-0.706,-0.761,-0.707
1903,11,-0.742,-0.666,-0.782,-0.684
1903,12,-0.712,-0.746,-0.717,-0.673
1904,1,-0.752,-0.896,-0.84,-0.803
1904,2,-0.698,-0.806,-0.846,-0.77
1904,3,-0.769,-0.736,-0.677,-0.709
1904,4,-0.661,-0.766,-0.722,-0.635
1904,5,-0.635,-0.776,-0.714,-0.669
1904,6,-0.63,-0.736,-0.697,-0.595
1904,7,-0.63,-0.766,-0.719,-0.58
1904,8,-0.585,-0.726,-0.706,-0.581
1904,9,-0.586,-0.756,-0.802,-0.619
1904,10,-0.581,-0.616,-0.696,-0.585
1904,11,-0.495,-0.436,-0.492,-0.439
1904,12,-0.515,-0.566,-0.536,-0.501
1905,1,-0.568,-0.616,-0.531,-0.516
1905,2,-0.811,-0.816,-0.828,-0.766
1905,3,-0.57,-0.446,-0.523,-0.554
1905,4,-0.663,-0.576,-0.594,-0.586
1905,5,-0.452,-0.546,-0.499,-0.451
1905,6,-0.422,-0.526,-0.53,-0.4
1905,7,-0.405,-0.516,-0.576,-0.416
1905,8,-0.409,-0.446,-0.512,-0.397
1905,9,-0.421,-0.406,-0.529,-0.401
1905,10,-0.471,-0.476,-0.521,-0.424
1905,11,-0.326,-0.326,-0.395,-0.282
1905,12,-0.307,-0.406,-0.501,-0.38
1906,1,-0.183,-0.496,-0.537,-0.433
1906,2,-0.333,-0.526,-0.544,-0.408
1906,3,-0.392,-0.386,-0.347,-0.306
1906,4,-0.223,-0.266,-0.246,-0.196
1906,5,-0.437,-0.466,-0.482,-0.455
1906,6,-0.395,-0.436,-0.464,-0.316
1906,7,-0.423,-0.476,-0.529,-0.432
1906,8,-0.427,-0.416,-0.488,-0.331
1906,9,-0.493,-0.486,-0.58,-0.427
1906,10,-0.459,-0.406,-0.413,-0.372
1906,11,-0.535,-0.596,-0.617,-0.488
1906,12,-0.391,-0.376,-0.39,-0.371
1907,1,-0.539,-0.626,-0.623,-0.549
1907,2,-0.62,-0.726,-0.826,-0.689
1907,3,-0.446,-0.486,-0.482,-0.388
1907,4,-0.615,-0.606,-0.581,-0.479
1907,5,-0.663,-0.686,-0.721,-0.648
1907,6,-0.632,-0.656,-0.678,-0.564
1907,7,-0.51,-0.586,-0.626,-0.46
1907,8,-0.56,-0.566,-0.666,-0.558
1907,9,-0.513,-0.546,-0.632,-0.495
1907,10,-0.467,-0.456,-0.433,-0.366
1907,11,-0.689,-0.696,-0.76,-0.621
1907,12,-0.633,-0.696,-0.694,-0.665
1908,1,-0.52,-0.646,-0.621,-0.549
1908,2,-0.521,-0.526,-0.538,-0.463
1908,3,-0.744,-0.756,-0.841,-0.81
1908,4,-0.658,-0.666,-0.71,-0.66
1908,5,-0.582,-0.626,-0.503,-0.471
1908,6,-0.58,-0.636,-0.552,-0.499
1908,7,-0.577,-0.616,-0.572,-0.48
1908,8,-0.64,-0.686,-0.71,-0.584
1908,9,-0.562,-0.576,-0.575,-0.451
1908,10,-0.687,-0.666,-0.69,-0.589
1908,11,-0.704,-0.716,-0.866,-0.698
1908,12,-0.676,-0.706,-0.769,-0.68
1909,1,-0.687,-0.906,-0.96,-0.829
1909,2,-0.639,-0.686,-0.704,-0.604
1909,3,-0.798,-0.726,-0.784,-0.83
1909,4,-0.712,-0.816,-0.764,-0.716
1909,5,-0.694,-0.776,-0.724,-0.645
1909,6,-0.62,-0.746,-0.709,-0.612
1909,7,-0.681,-0.666,-0.736,-0.628
1909,8,-0.425,-0.526,-0.566,-0.39
1909,9,-0.506,-0.566,-0.695,-0.543
1909,10,-0.589,-0.586,-0.664,-0.575
1909,11,-0.528,-0.526,-0.637,-0.518
1909,12,-0.699,-0.766,-0.727,-0.693
1910,1,-0.46,-0.656,-0.632,-0.55
1910,2,-0.622,-0.656,-0.717,-0.608
1910,3,-0.595,-0.726,-0.769,-0.735
1910,4,-0.558,-0.616,-0.668,-0.634
1910,5,-0.574,-0.566,-0.562,-0.538
1910,6,-0.59,-0.596,-0.639,-0.542
1910,7,-0.574,-0.566,-0.643,-0.561
1910,8,-0.544,-0.586,-0.624,-0.466
1910,9,-0.549,-0.586,-0.655,-0.531
1910,10,-0.59,-0.606,-0.601,-0.474
1910,11,-0.76,-0.756,-0.854,-0.769
1910,12,-0.774,-0.886,-0.971,-0.873
1911,1,-0.662,-0.856,-0.906,-0.751
1911,2,-0.861,-0.796,-0.859,-0.78
1911,3,-0.809,-0.816,-0.85,-0.815
1911,4,-0.825,-0.756,-0.743,-0.731
1911,5,-0.708,-0.736,-0.751,-0.713
1911,6,-0.675,-0.696,-0.744,-0.636
1911,7,-0.618,-0.626,-0.71,-0.591
1911,8,-0.608,-0.636,-0.68,-0.554
1911,9,-0.619,-0.596,-0.711,-0.597
1911,10,-0.573,-0.446,-0.49,-0.456
1911,11,-0.482,-0.396,-0.541,-0.443
1911,12,-0.401,-0.436,-0.528,-0.452
1912,1,-0.469,-0.486,-0.482,-0.43
1912,2,-0.396,-0.336,-0.439,-0.41
1912,3,-0.493,-0.566,-0.659,-0.612
1912,4,-0.45,-0.416,-0.389,-0.385
1912,5,-0.483,-0.436,-0.481,-0.421
1912,6,-0.42,-0.486,-0.46,-0.382
1912,7,-0.561,-0.666,-0.734,-0.592
1912,8,-0.667,-0.766,-0.818,-0.683
1912,9,-0.665,-0.736,-0.89,-0.705
1912,10,-0.749,-0.786,-0.888,-0.777
1912,11,-0.626,-0.596,-0.719,-0.599
1912,12,-0.592,-0.646,-0.726,-0.658
1913,1,-0.559,-0.636,-0.739,-0.638
1913,2,-0.616,-0.646,-0.705,-0.616
1913,3,-0.645,-0.646,-0.646,-0.632
1913,4,-0.539,-0.616,-0.531,-0.462
1913,5,-0.621,-0.686,-0.618,-0.568
1913,6,-0.613,-0.706,-0.68,-0.628
1913,7,-0.539,-0.586,-0.643,-0.557
1913,8,-0.498,-0.556,-0.577,-0.479
1913,9,-0.534,-0.576,-0.66,-0.516
1913,10,-0.533,-0.556,-0.587,-0.476
1913,11,-0.372,-0.406,-0.526,-0.397
1913,12,-0.34,-0.256,-0.282,-0.248
1914,1,-0.187,-0.176,-0.237,-0.168
1914,2,-0.319,-0.326,-0.502,-0.32
1914,3,-0.434,-0.446,-0.547,-0.513
1914,4,-0.498,-0.506,-0.509,-0.471
1914,5,-0.39,-0.446,-0.417,-0.362
1914,6,-0.389,-0.486,-0.463,-0.378
1914,7,-0.436,-0.466,-0.539,-0.456
1914,8,-0.322,-0.356,-0.422,-0.263
1914,9,-0.363,-0.346,-0.447,-0.342
1914,10,-0.254,-0.256,-0.319,-0.246
1914,11,-0.291,-0.396,-0.478,-0.352
1914,12,-0.357,-0.296,-0.27,-0.256
1915,1,-0.219,-0.396,-0.431,-0.371
1915,2,-0.152,-0.226,-0.347,-0.273
1915,3,-0.295,-0.316,-0.274,-0.259
1915,4,-0.154,-0.166,-0.132,-0.158
1915,5,-0.304,-0.286,-0.228,-0.162
1915,6,-0.323,-0.426,-0.447,-0.302
1915,7,-0.208,-0.326,-0.384,-0.291
1915,8,-0.173,-0.416,-0.325,-0.144
1915,9,-0.236,-0.386,-0.431,-0.255
1915,10,-0.363,-0.466,-0.518,-0.433
1915,11,-0.246,-0.346,-0.378,-0.284
1915,12,-0.361,-0.386,-0.479,-0.408
1916,1,-0.343,-0.306,-0.403,-0.419
1916,2,-0.289,-0.346,-0.428,-0.308
1916,3,-0.514,-0.506,-0.471,-0.493
1916,4,-0.447,-0.516,-0.499,-0.426
1916,5,-0.459,-0.536,-0.53,-0.441
1916,6,-0.58,-0.686,-0.609,-0.519
1916,7,-0.486,-0.576,-0.607,-0.466
1916,8,-0.45,-0.476,-0.575,-0.429
1916,9,-0.443,-0.536,-0.645,-0.452
1916,10,-0.503,-0.486,-0.653,-0.557
1916,11,-0.68,-0.616,-0.808,-0.737
1916,12,-0.737,-1.016,-1.047,-0.914
1917,1,-0.788,-0.806,-0.913,-0.86
1917,2,-0.873,-0.836,-0.893,-0.819
1917,3,-0.94,-0.826,-0.814,-0.838
1917,4,-0.585,-0.726,-0.684,-0.586
1917,5,-0.77,-0.766,-0.777,-0.677
1917,6,-0.465,-0.656,-0.704,-0.547
1917,7,-0.23,-0.466,-0.465,-0.337
1917,8,-0.334,-0.436,-0.541,-0.362
1917,9,-0.233,-0.396,-0.562,-0.327
1917,10,-0.493,-0.616,-0.695,-0.563
1917,11,-0.494,-0.506,-0.672,-0.588
1917,12,-0.743,-0.896,-0.912,-0.867
1918,1,-0.609,-0.636,-0.678,-0.639
1918,2,-0.622,-0.536,-0.706,-0.662
1918,3,-0.553,-0.466,-0.596,-0.589
1918,4,-0.598,-0.666,-0.699,-0.668
1918,5,-0.534,-0.676,-0.656,-0.536
1918,6,-0.437,-0.576,-0.594,-0.51
1918,7,-0.444,-0.536,-0.578,-0.499
1918,8,-0.466,-0.516,-0.596,-0.439
1918,9,-0.351,-0.366,-0.43,-0.299
1918,10,-0.203,-0.266,-0.272,-0.252
1918,11,-0.158,-0.326,-0.416,-0.216
1918,12,-0.34,-0.496,-0.494,-0.449
1919,1,-0.214,-0.416,-0.404,-0.363
1919,2,-0.193,-0.446,-0.398,-0.29
1919,3,-0.414,-0.416,-0.398,-0.453
1919,4,-0.18,-0.346,-0.246,-0.272
1919,5,-0.363,-0.496,-0.427,-0.385
1919,6,-0.36,-0.586,-0.513,-0.409
1919,7,-0.47,-0.506,-0.55,-0.448
1919,8,-0.444,-0.546,-0.508,-0.432
1919,9,-0.347,-0.436,-0.498,-0.364
1919,10,-0.404,-0.406,-0.422,-0.348
1919,11,-0.64,-0.626,-0.74,-0.641
1919,12,-0.568,-0.636,-0.628,-0.623
1920,1,-0.347,-0.446,-0.44,-0.381
1920,2,-0.535,-0.446,-0.614,-0.588
1920,3,-0.227,-0.306,-0.335,-0.273
1920,4,-0.372,-0.476,-0.386,-0.363
1920,5,-0.308,-0.486,-0.42,-0.368
1920,6,-0.319,-0.586,-0.483,-0.328
1920,7,-0.393,-0.536,-0.472,-0.357
1920,8,-0.341,-0.466,-0.449,-0.344
1920,9,-0.247,-0.406,-0.425,-0.278
1920,10,-0.341,-0.476,-0.398,-0.351
1920,11,-0.397,-0.486,-0.498,-0.38
1920,12,-0.466,-0.646,-0.649,-0.547
1921,1,-0.249,-0.236,-0.279,-0.313
1921,2,-0.291,-0.406,-0.411,-0.325
1921,3,-0.357,-0.436,-0.509,-0.462
1921,4,-0.328,-0.516,-0.483,-0.382
1921,5,-0.311,-0.506,-0.499,-0.413
1921,6,-0.229,-0.496,-0.379,-0.234
1921,7,-0.248,-0.366,-0.376,-0.291
1921,8,-0.391,-0.456,-0.519,-0.399
1921,9,-0.273,-0.386,-0.396,-0.237
1921,10,-0.25,-0.246,-0.275,-0.221
1921,11,-0.409,-0.346,-0.339,-0.256
1921,12,-0.255,-0.386,-0.295,-0.311
1922,1,-0.495,-0.556,-0.486,-0.48
1922,2,-0.383,-0.656,-0.615,-0.49
1922,3,-0.375,-0.346,-0.351,-0.394
1922,4,-0.343,-0.466,-0.33,-0.27
1922,5,-0.479,-0.556,-0.547,-0.508
1922,6,-0.432,-0.536,-0.478,-0.378
1922,7,-0.337,-0.476,-0.419,-0.299
1922,8,-0.456,-0.526,-0.583,-0.445
1922,9,-0.39,-0.536,-0.585,-0.421
1922,10,-0.438,-0.546,-0.577,-0.47
1922,11,-0.4,-0.356,-0.491,-0.383
1922,12,-0.416,-0.406,-0.403,-0.381
1923,1,-0.345,-0.506,-0.507,-0.509
1923,2,-0.527,-0.586,-0.637,-0.555
1923,3,-0.52,-0.566,-0.602,-0.576
1923,4,-0.468,-0.616,-0.541,-0.482
1923,5,-0.427,-0.566,-0.538,-0.466
1923,6,-0.351,-0.486,-0.423,-0.301
1923,7,-0.46,-0.516,-0.583,-0.463
1923,8,-0.485,-0.516,-0.549,-0.442
1923,9,-0.435,-0.496,-0.565,-0.416
1923,10,-0.378,-0.326,-0.294,-0.261
1923,11,-0.129,-0.216,-0.188,-0.059
1923,12,-0.122,-0.246,-0.199,-0.183
1924,1,-0.423,-0.436,-0.459,-0.439
1924,2,-0.312,-0.456,-0.447,-0.35
1924,3,-0.379,-0.286,-0.251,-0.248
1924,4,-0.391,-0.536,-0.48,-0.385
1924,5,-0.353,-0.406,-0.372,-0.322
1924,6,-0.322,-0.446,-0.437,-0.348
1924,7,-0.371,-0.486,-0.475,-0.37
1924,8,-0.392,-0.556,-0.534,-0.363
1924,9,-0.392,-0.526,-0.536,-0.372
1924,10,-0.424,-0.556,-0.541,-0.441
1924,11,-0.469,-0.416,-0.445,-0.342
1924,12,-0.638,-0.636,-0.557,-0.562
1925,1,-0.511,-0.586,-0.613,-0.586
1925,2,-0.416,-0.606,-0.688,-0.591
1925,3,-0.338,-0.476,-0.469,-0.425
1925,4,-0.381,-0.476,-0.472,-0.44
1925,5,-0.364,-0.516,-0.452,-0.372
1925,6,-0.365,-0.556,-0.491,-0.401
1925,7,-0.322,-0.506,-0.455,-0.349
1925,8,-0.236,-0.386,-0.379,-0.239
1925,9,-0.299,-0.376,-0.415,-0.276
1925,10,-0.417,-0.396,-0.36,-0.329
1925,11,-0.171,-0.186,-0.231,-0.112
1925,12,-0.107,-0.136,-0.037,-0.041
1926,1,-0.022,-0.026,0.02,0.037
1926,2,-0.15,-0.156,-0.217,-0.18
1926,3,-0.136,-0.106,-0.071,-0.098
1926,4,-0.284,-0.346,-0.299,-0.26
1926,5,-0.325,-0.436,-0.409,-0.306
1926,6,-0.195,-0.446,-0.392,-0.237
1926,7,-0.347,-0.466,-0.424,-0.319
1926,8,-0.198,-0.356,-0.314,-0.177
1926,9,-0.205,-0.346,-0.308,-0.166
1926,10,-0.196,-0.316,-0.207,-0.167
1926,11,-0.217,-0.266,-0.28,-0.184
1926,12,-0.352,-0.496,-0.449,-0.414
1927,1,-0.369,-0.496,-0.434,-0.411
1927,2,-0.254,-0.406,-0.377,-0.282
1927,3,-0.441,-0.586,-0.593,-0.517
1927,4,-0.366,-0.526,-0.492,-0.403
1927,5,-0.365,-0.476,-0.389,-0.294
1927,6,-0.344,-0.486,-0.446,-0.343
1927,7,-0.255,-0.396,-0.391,-0.263
1927,8,-0.253,-0.426,-0.377,-0.286
1927,9,-0.242,-0.326,-0.323,-0.188
1927,10,-0.146,-0.226,-0.138,-0.06
1927,11,-0.281,-0.256,-0.273,-0.204
1927,12,-0.53,-0.546,-0.463,-0.478
1928,1,-0.162,-0.226,-0.067,-0.1
1928,2,-0.241,-0.296,-0.238,-0.179
1928,3,-0.452,-0.496,-0.403,-0.371
1928,4,-0.359,-0.506,-0.387,-0.327
1928,5,-0.389,-0.516,-0.477,-0.381
1928,6,-0.445,-0.596,-0.572,-0.422
1928,7,-0.274,-0.406,-0.399,-0.262
1928,8,-0.284,-0.436,-0.431,-0.26
1928,9,-0.329,-0.406,-0.463,-0.331
1928,10,-0.269,-0.396,-0.353,-0.262
1928,11,-0.261,-0.306,-0.311,-0.223
1928,12,-0.348,-0.396,-0.338,-0.333
1929,1,-0.595,-0.676,-0.598,-0.567
1929,2,-0.778,-0.816,-0.725,-0.669
1929,3,-0.517,-0.536,-0.592,-0.56
1929,4,-0.497,-0.616,-0.56,-0.478
1929,5,-0.499,-0.606,-0.624,-0.541
1929,6,-0.459,-0.626,-0.634,-0.483
1929,7,-0.466,-0.556,-0.633,-0.499
1929,8,-0.293,-0.526,-0.482,-0.344
1929,9,-0.373,-0.456,-0.466,-0.321
1929,10,-0.284,-0.346,-0.329,-0.273
1929,11,-0.18,-0.346,-0.334,-0.189
1929,12,-0.596,-0.756,-0.71,-0.7
1930,1,-0.435,-0.526,-0.418,-0.388
1930,2,-0.395,-0.496,-0.5,-0.487
1930,3,-0.258,-0.306,-0.318,-0.27
1930,4,-0.309,-0.476,-0.425,-0.328
1930,5,-0.309,-0.456,-0.394,-0.317
1930,6,-0.273,-0.426,-0.437,-0.304
1930,7,-0.23,-0.416,-0.331,-0.261
1930,8,-0.164,-0.356,-0.322,-0.176
1930,9,-0.187,-0.346,-0.296,-0.135
1930,10,-0.197,-0.306,-0.279,-0.188
1930,11,-0.03,-0.066,-0.084,0.049
1930,12,-0.187,-0.286,-0.203,-0.158
1931,1,-0.115,-0.326,-0.277,-0.229
1931,2,-0.27,-0.466,-0.416,-0.33
1931,3,-0.231,-0.306,-0.293,-0.244
1931,4,-0.29,-0.446,-0.39,-0.291
1931,5,-0.274,-0.426,-0.423,-0.32
1931,6,-0.148,-0.296,-0.278,-0.13
1931,7,-0.106,-0.256,-0.205,-0.075
1931,8,-0.162,-0.256,-0.218,-0.103
1931,9,-0.158,-0.296,-0.246,-0.135
1931,10,-0.154,-0.206,-0.119,-0.067
1931,11,-0.261,-0.346,-0.264,-0.159
1931,12,-0.213,-0.326,-0.175,-0.172
1932,1,0.049,-0.086,-0.068,-0.023
1932,2,-0.304,-0.416,-0.359,-0.279
1932,3,-0.351,-0.416,-0.304,-0.306
1932,4,-0.177,-0.286,-0.16,-0.093
1932,5,-0.277,-0.416,-0.271,-0.221
1932,6,-0.299,-0.526,-0.414,-0.344
1932,7,-0.236,-0.466,-0.376,-0.231
1932,8,-0.305,-0.466,-0.399,-0.284
1932,9,-0.147,-0.346,-0.224,-0.084
1932,10,-0.284,-0.336,-0.266,-0.212
1932,11,-0.343,-0.496,-0.513,-0.39
1932,12,-0.302,-0.486,-0.376,-0.362
1933,1,-0.403,-0.566,-0.437,-0.396
1933,2,-0.432,-0.566,-0.471,-0.387
1933,3,-0.456,-0.526,-0.504,-0.468
1933,4,-0.33,-0.486,-0.457,-0.357
1933,5,-0.321,-0.516,-0.473,-0.353
1933,6,-0.369,-0.566,-0.598,-0.461
1933,7,-0.293,-0.446,-0.48,-0.327
1933,8,-0.287,-0.466,-0.414,-0.251
1933,9,-0.343,-0.496,-0.515,-0.371
1933,10,-0.312,-0.436,-0.465,-0.339
1933,11,-0.424,-0.526,-0.572,-0.429
1933,12,-0.639,-0.686,-0.615,-0.611
1934,1,-0.333,-0.476,-0.482,-0.42
1934,2,-0.273,-0.266,-0.311,-0.225
1934,3,-0.504,-0.556,-0.571,-0.531
1934,4,-0.358,-0.526,-0.528,-0.415
1934,5,-0.19,-0.336,-0.338,-0.246
1934,6,-0.151,-0.386,-0.351,-0.193
1934,7,-0.176,-0.336,-0.337,-0.215
1934,8,-0.166,-0.336,-0.36,-0.216
1934,9,-0.209,-0.386,-0.391,-0.224
1934,10,-0.199,-0.306,-0.235,-0.14
1934,11,-0.086,-0.196,-0.166,-0.04
1934,12,-0.25,-0.266,-0.238,-0.229
1935,1,-0.341,-0.566,-0.521,-0.438
1935,2,-0.007,-0.086,-0.148,-0.041
1935,3,-0.338,-0.356,-0.34,-0.27
1935,4,-0.381,-0.586,-0.524,-0.384
1935,5,-0.353,-0.536,-0.472,-0.31
1935,6,-0.296,-0.496,-0.398,-0.288
1935,7,-0.25,-0.456,-0.383,-0.242
1935,8,-0.262,-0.446,-0.405,-0.275
1935,9,-0.249,-0.436,-0.43,-0.269
1935,10,-0.183,-0.306,-0.241,-0.161
1935,11,-0.416,-0.506,-0.584,-0.44
1935,12,-0.382,-0.426,-0.376,-0.357
1936,1,-0.418,-0.516,-0.504,-0.482
1936,2,-0.473,-0.616,-0.525,-0.425
1936,3,-0.418,-0.456,-0.495,-0.445
1936,4,-0.321,-0.426,-0.396,-0.29
1936,5,-0.268,-0.406,-0.376,-0.285
1936,6,-0.269,-0.436,-0.372,-0.246
1936,7,-0.129,-0.316,-0.265,-0.131
1936,8,-0.153,-0.366,-0.303,-0.149
1936,9,-0.216,-0.326,-0.332,-0.216
1936,10,-0.114,-0.266,-0.186,-0.083
1936,11,-0.179,-0.266,-0.272,-0.119
1936,12,-0.122,-0.256,-0.164,-0.104
1937,1,-0.242,-0.366,-0.219,-0.192
1937,2,-0.069,-0.196,-0.107,-0.028
1937,3,-0.387,-0.416,-0.318,-0.338
1937,4,-0.243,-0.396,-0.29,-0.206
1937,5,-0.191,-0.306,-0.235,-0.17
1937,6,-0.114,-0.286,-0.196,-0.084
1937,7,-0.053,-0.286,-0.172,-0.036
1937,8,-0.023,-0.216,-0.166,-0.04
1937,9,0.007,-0.116,-0.089,0.011
1937,10,0.012,-0.146,-0.045,0.071
1937,11,-0.106,-0.136,-0.111,-0.001
1937,12,-0.221,-0.346,-0.178,-0.156
1938,1,-0.095,-0.216,-0.082,-0.042
1938,2,-0.091,-0.256,-0.139,-0.108
1938,3,-0.051,-0.156,-0.105,-0.091
1938,4,-0.031,-0.196,-0.092,-0.031
1938,5,-0.2,-0.336,-0.274,-0.233
1938,6,-0.167,-0.416,-0.319,-0.18
1938,7,-0.152,-0.326,-0.289,-0.175
1938,8,-0.093,-0.296,-0.217,-0.09
1938,9,-0.052,-0.216,-0.143,-0.043
1938,10,0.033,-0.116,0.024,0.094
1938,11,-0.087,-0.196,-0.129,-0.011
1938,12,-0.404,-0.446,-0.311,-0.327
1939,1,-0.176,-0.306,-0.233,-0.208
1939,2,-0.153,-0.316,-0.298,-0.196
1939,3,-0.379,-0.426,-0.374,-0.378
1939,4,-0.214,-0.326,-0.205,-0.147
1939,5,-0.139,-0.296,-0.128,-0.066
1939,6,-0.046,-0.316,-0.2,-0.096
1939,7,-0.061,-0.306,-0.211,-0.074
1939,8,-0.072,-0.306,-0.227,-0.099
1939,9,-0.189,-0.296,-0.247,-0.086
1939,10,-0.386,-0.256,-0.304,-0.276
1939,11,-0.237,-0.176,-0.277,-0.097
1939,12,0.121,0.214,0.224,0.206
1940,1,-0.3,-0.286,-0.057,-0.088
1940,2,-0.151,-0.106,-0.095,-0.047
1940,3,-0.227,-0.076,-0.128,-0.218
1940,4,-0.061,-0.046,-0.055,0.029
1940,5,-0.089,-0.136,-0.166,-0.106
1940,6,-0.074,-0.156,-0.185,-0.054
1940,7,0.037,-0.106,-0.043,0.055
1940,8,-0.065,-0.186,-0.141,-0.017
1940,9,0.014,-0.106,-0.065,0.035
1940,10,-0.097,-0.156,-0.163,-0.094
1940,11,-0.175,-0.056,-0.234,-0.119
1940,12,0.053,0.044,0.032,0.079
1941,1,-0.2,-0.026,-0.16,-0.145
1941,2,-0.125,0.094,-0.037,0.003
1941,3,-0.244,-0.156,-0.22,-0.216
1941,4,-0.089,-0.066,-0.167,-0.058
1941,5,-0.13,-0.096,-0.133,-0.075
1941,6,0.011,-0.116,-0.123,-0.014
1941,7,0.014,-0.026,-0.056,0.042
1941,8,-0.084,-0.096,-0.187,-0.094
1941,9,-0.243,-0.216,-0.37,-0.254
1941,10,0.108,0.104,0.041,0.117
1941,11,-0.057,0.004,-0.194,-0.101
1941,12,-0.013,-0.026,0.055,0.077
1942,1,0.098,0.024,0.159,0.154
1942,2,-0.196,-0.216,-0.21,-0.171
1942,3,-0.198,-0.136,-0.135,-0.147
1942,4,-0.173,-0.126,-0.217,-0.177
1942,5,-0.127,-0.146,-0.165,-0.097
1942,6,-0.074,-0.186,-0.201,-0.072
1942,7,-0.189,-0.226,-0.251,-0.148
1942,8,-0.175,-0.266,-0.304,-0.195
1942,9,-0.106,-0.276,-0.29,-0.164
1942,10,-0.192,-0.236,-0.202,-0.163
1942,11,-0.174,-0.156,-0.174,-0.124
1942,12,-0.108,-0.156,-0.058,-0.021
1943,1,-0.322,-0.276,-0.239,-0.256
1943,2,-0.04,-0.096,-0.091,-0.075
1943,3,-0.312,-0.316,-0.245,-0.226
1943,4,-0.111,-0.166,-0.092,-0.062
1943,5,-0.126,-0.186,-0.148,-0.078
1943,6,-0.204,-0.296,-0.274,-0.134
1943,7,-0.105,-0.156,-0.177,-0.16
1943,8,-0.117,-0.226,-0.15,-0.059
1943,9,-0.133,-0.176,-0.193,-0.119
1943,10,0.121,-0.016,0.088,0.156
1943,11,-0.094,-0.036,-0.06,0.045
1943,12,0.083,0.014,0.037,0.059
1944,1,0.173,0.124,0.143,0.153
1944,2,0.017,0.034,0.008,0.05
1944,3,0.027,0.034,0.032,0.077
1944,4,-0.062,-0.036,-0.054,-0.019
1944,5,-0.051,-0.036,-0.066,-0.004
1944,6,0.044,-0.036,-0.113,-0.028
1944,7,0.112,-0.046,-0.069,0.038
1944,8,0.128,-0.066,-0.014,0.085
1944,9,0.185,0.064,-0.04,0.071
1944,10,0.101,0.024,0.039,0.09
1944,11,-0.101,-0.136,-0.182,-0.074
1944,12,-0.142,-0.206,-0.106,-0.056
1945,1,-0.118,-0.136,-0.102,-0.084
1945,2,-0.211,-0.246,-0.253,-0.188
1945,3,-0.156,-0.166,-0.179,-0.15
1945,4,0.06,-0.046,-0.053,-0.017
1945,5,-0.216,-0.186,-0.249,-0.186
1945,6,-0.111,-0.236,-0.255,-0.138
1945,7,-0.192,-0.206,-0.272,-0.181
1945,8,0.256,0.034,-0.017,0.152
1945,9,0.053,-0.016,-0.144,-0.046
1945,10,0.065,-0.046,-0.022,0.101
1945,11,-0.12,-0.156,-0.231,-0.107
1945,12,-0.31,-0.316,-0.293,-0.311
1946,1,-0.012,-0.086,-0.143,-0.068
1946,2,-0.069,-0.166,-0.231,-0.204
1946,3,-0.17,-0.226,-0.125,-0.116
1946,4,0.031,-0.176,-0.106,-0.012
1946,5,-0.218,-0.316,-0.24,-0.183
1946,6,-0.363,-0.446,-0.358,-0.361
1946,7,-0.151,-0.366,-0.241,-0.132
1946,8,-0.255,-0.396,-0.356,-0.255
1946,9,-0.123,-0.306,-0.279,-0.153
1946,10,-0.16,-0.296,-0.187,-0.097
1946,11,-0.202,-0.286,-0.233,-0.192
1946,12,-0.469,-0.586,-0.386,-0.424
1947,1,-0.221,-0.356,-0.115,-0.187
1947,2,-0.282,-0.306,-0.089,-0.098
1947,3,-0.172,-0.156,-0.005,-0.084
1947,4,-0.019,-0.166,-0.084,-0.046
1947,5,-0.165,-0.266,-0.188,-0.121
1947,6,-0.104,-0.216,-0.208,-0.137
1947,7,-0.111,-0.306,-0.19,-0.112
1947,8,-0.148,-0.326,-0.259,-0.175
1947,9,-0.176,-0.356,-0.225,-0.149
1947,10,-0.04,-0.176,-0.003,-0.011
1947,11,-0.061,-0.216,-0.083,-0.017
1947,12,-0.283,-0.396,-0.211,-0.224
1948,1,-0.019,-0.166,-0.088,-0.055
1948,2,-0.231,-0.386,-0.348,-0.282
1948,3,-0.286,-0.486,-0.367,-0.334
1948,4,-0.153,-0.346,-0.218,-0.198
1948,5,-0.007,-0.226,-0.117,-0.026
1948,6,-0.039,-0.276,-0.129,-0.049
1948,7,-0.212,-0.346,-0.27,-0.215
1948,8,-0.111,-0.356,-0.205,-0.12
1948,9,-0.164,-0.346,-0.291,-0.182
1948,10,-0.086,-0.306,-0.175,-0.088
1948,11,-0.167,-0.346,-0.343,-0.207
1948,12,-0.306,-0.456,-0.473,-0.453
1949,1,0.041,-0.136,-0.075,-0.066
1949,2,-0.252,-0.396,-0.357,-0.314
1949,3,-0.283,-0.256,-0.228,-0.232
1949,4,-0.104,-0.336,-0.249,-0.185
1949,5,-0.161,-0.316,-0.251,-0.21
1949,6,-0.292,-0.466,-0.458,-0.362
1949,7,-0.207,-0.376,-0.379,-0.291
1949,8,-0.15,-0.346,-0.299,-0.222
1949,9,-0.187,-0.376,-0.343,-0.257
1949,10,-0.142,-0.296,-0.203,-0.164
1949,11,-0.189,-0.326,-0.295,-0.197
1949,12,-0.298,-0.456,-0.223,-0.269
1950,1,-0.426,-0.566,-0.405,-0.395
1950,2,-0.358,-0.516,-0.509,-0.453
1950,3,-0.289,-0.296,-0.293,-0.335
1950,4,-0.281,-0.436,-0.386,-0.345
1950,5,-0.202,-0.326,-0.241,-0.246
1950,6,-0.184,-0.266,-0.213,-0.177
1950,7,-0.152,-0.336,-0.208,-0.139
1950,8,-0.228,-0.396,-0.353,-0.294
1950,9,-0.214,-0.356,-0.365,-0.298
1950,10,-0.237,-0.456,-0.345,-0.271
1950,11,-0.499,-0.616,-0.533,-0.458
1950,12,-0.358,-0.436,-0.35,-0.384
1951,1,-0.462,-0.586,-0.485,-0.486
1951,2,-0.569,-0.666,-0.576,-0.552
1951,3,-0.401,-0.446,-0.312,-0.364
1951,4,-0.216,-0.366,-0.217,-0.224
1951,5,-0.123,-0.236,-0.069,-0.045
1951,6,-0.075,-0.256,-0.089,-0.005
1951,7,-0.067,-0.206,-0.123,-0.088
1951,8,0.027,-0.176,0.01,0.087
1951,9,-0.017,-0.156,-0.097,0.003
1951,10,0.027,-0.186,-0.021,0.028
1951,11,-0.143,-0.256,-0.191,-0.131
1951,12,0.072,-0.096,0.044,0.034
1952,1,0.076,-0.116,0.027,0.037
1952,2,0.022,-0.136,-0.008,0.036
1952,3,-0.239,-0.336,-0.246,-0.255
1952,4,-0.055,-0.216,-0.096,-0.062
1952,5,-0.072,-0.256,-0.13,-0.075
1952,6,-0.069,-0.276,-0.114,-0.059
1952,7,-0.008,-0.196,-0.074,-0.006
1952,8,-0.015,-0.196,-0.073,-0.028
1952,9,-0.008,-0.166,-0.07,-0.018
1952,10,-0.115,-0.246,-0.139,-0.101
1952,11,-0.294,-0.376,-0.274,-0.181
1952,12,-0.17,-0.246,-0.093,-0.128
1953,1,-0.044,-0.156,-0.092,-0.087
1953,2,0.039,-0.096,0.001,0.052
1953,3,0.018,-0.126,-0.089,-0.073
1953,4,0.083,-0.056,0.119,0.149
1953,5,0.03,-0.146,0.022,0.046
1953,6,0.059,-0.136,0.031,0.103
1953,7,-0.06,-0.236,-0.078,-0.026
1953,8,-0.009,-0.176,-0.055,0.0
1953,9,-0.031,-0.196,-0.074,0.01
1953,10,-0.035,-0.176,-0.078,-0.027
1953,11,-0.175,-0.296,-0.205,-0.134
1953,12,-0.017,-0.216,-0.061,-0.082
1954,1,-0.345,-0.516,-0.372,-0.346
1954,2,-0.194,-0.366,-0.223,-0.195
1954,3,-0.261,-0.386,-0.264,-0.263
1954,4,-0.253,-0.396,-0.189,-0.176
1954,5,-0.313,-0.446,-0.237,-0.233
1954,6,-0.234,-0.406,-0.257,-0.209
1954,7,-0.307,-0.426,-0.33,-0.256
1954,8,-0.201,-0.396,-0.283,-0.207
1954,9,-0.194,-0.336,-0.287,-0.225
1954,10,-0.138,-0.276,-0.117,-0.072
1954,11,-0.086,-0.176,-0.055,-0.019
1954,12,-0.34,-0.446,-0.256,-0.295
1955,1,0.016,-0.096,0.025,0.019
1955,2,-0.276,-0.416,-0.343,-0.314
1955,3,-0.513,-0.586,-0.444,-0.476
1955,4,-0.354,-0.446,-0.303,-0.297
1955,5,-0.34,-0.446,-0.38,-0.348
1955,6,-0.271,-0.346,-0.269,-0.241
1955,7,-0.307,-0.366,-0.316,-0.264
1955,8,-0.17,-0.226,-0.082,-0.086
1955,9,-0.222,-0.346,-0.339,-0.241
1955,10,-0.274,-0.286,-0.185,-0.204
1955,11,-0.424,-0.476,-0.437,-0.413
1955,12,-0.445,-0.536,-0.401,-0.449
1956,1,-0.355,-0.396,-0.258,-0.317
1956,2,-0.454,-0.496,-0.339,-0.333
1956,3,-0.423,-0.466,-0.382,-0.414
1956,4,-0.443,-0.506,-0.406,-0.391
1956,5,-0.388,-0.546,-0.44,-0.396
1956,6,-0.338,-0.396,-0.365,-0.323
1956,7,-0.314,-0.356,-0.288,-0.242
1956,8,-0.358,-0.496,-0.472,-0.359
1956,9,-0.391,-0.436,-0.375,-0.334
1956,10,-0.341,-0.476,-0.458,-0.395
1956,11,-0.37,-0.406,-0.34,-0.258
1956,12,-0.317,-0.316,-0.151,-0.223
1957,1,-0.275,-0.346,-0.254,-0.281
1957,2,-0.239,-0.276,-0.205,-0.22
1957,3,-0.296,-0.296,-0.24,-0.274
1957,4,-0.172,-0.246,-0.105,-0.18
1957,5,-0.059,-0.146,-0.051,-0.026
1957,6,-0.026,-0.076,0.031,0.017
1957,7,-0.108,-0.226,-0.182,-0.099
1957,8,-0.015,-0.086,-0.017,0.032
1957,9,-0.071,-0.146,-0.116,-0.037
1957,10,-0.123,-0.226,-0.076,-0.09
1957,11,-0.053,-0.176,-0.125,-0.08
1957,12,0.043,-0.076,-0.027,-0.05
1958,1,0.159,0.154,0.172,0.168
1958,2,0.076,0.004,0.036,0.058
1958,3,-0.107,-0.126,-0.033,-0.074
1958,4,-0.073,-0.206,-0.107,-0.15
1958,5,-0.076,-0.176,-0.107,-0.081
1958,6,-0.123,-0.306,-0.284,-0.235
1958,7,-0.067,-0.186,-0.194,-0.079
1958,8,-0.104,-0.276,-0.252,-0.164
1958,9,-0.161,-0.256,-0.282,-0.173
1958,10,-0.094,-0.196,-0.123,-0.09
1958,11,-0.097,-0.216,-0.118,-0.092
1958,12,-0.078,-0.236,-0.085,-0.131
1959,1,-0.021,-0.156,-0.071,-0.092
1959,2,-0.075,-0.146,-0.135,-0.123
1959,3,-0.029,-0.056,-0.023,-0.078
1959,4,-0.062,-0.106,0.001,-0.03
1959,5,-0.118,-0.196,-0.114,-0.119
1959,6,-0.046,-0.216,-0.103,-0.04
1959,7,-0.078,-0.176,-0.178,-0.112
1959,8,-0.061,-0.256,-0.173,-0.077
1959,9,-0.067,-0.296,-0.282,-0.185
1959,10,-0.142,-0.326,-0.179,-0.12
1959,11,-0.219,-0.326,-0.288,-0.225
1959,12,-0.177,-0.256,-0.144,-0.187
1960,1,-0.14,-0.246,-0.152,-0.171
1960,2,-0.004,-0.076,-0.049,-0.023
1960,3,-0.422,-0.576,-0.474,-0.508
1960,4,-0.284,-0.376,-0.316,-0.339
1960,5,-0.264,-0.306,-0.267,-0.249
1960,6,-0.138,-0.276,-0.172,-0.139
1960,7,-0.136,-0.266,-0.222,-0.13
1960,8,-0.1,-0.226,-0.11,-0.06
1960,9,-0.044,-0.166,-0.131,-0.036
1960,10,-0.135,-0.166,-0.097,-0.068
1960,11,-0.257,-0.356,-0.322,-0.256
1960,12,0.038,-0.056,0.062,0.03
1961,1,-0.063,-0.166,-0.076,-0.128
1961,2,0.069,-0.046,0.019,0.023
1961,3,-0.015,-0.146,-0.059,-0.113
1961,4,-0.012,-0.116,0.028,0.001
1961,5,-0.016,-0.126,0.01,0.001
1961,6,0.003,-0.126,-0.056,-0.006
1961,7,-0.089,-0.236,-0.194,-0.091
1961,8,-0.075,-0.206,-0.189,-0.08
1961,9,-0.137,-0.166,-0.15,-0.114
1961,10,-0.141,-0.236,-0.179,-0.136
1961,11,-0.126,-0.206,-0.141,-0.099
1961,12,-0.225,-0.386,-0.262,-0.303
1962,1,-0.055,-0.166,-0.087,-0.121
1962,2,0.027,-0.096,-0.017,0.005
1962,3,-0.08,-0.116,-0.009,-0.047
1962,4,-0.084,-0.196,-0.076,-0.085
1962,5,-0.155,-0.276,-0.256,-0.209
1962,6,-0.16,-0.186,-0.163,-0.133
1962,7,-0.09,-0.216,-0.246,-0.139
1962,8,-0.113,-0.246,-0.245,-0.152
1962,9,-0.125,-0.226,-0.26,-0.162
1962,10,-0.066,-0.236,-0.195,-0.093
1962,11,-0.098,-0.166,-0.139,-0.072
1962,12,-0.12,-0.236,-0.148,-0.183
1963,1,-0.153,-0.256,-0.138,-0.164
1963,2,0.04,-0.036,-0.027,-0.007
1963,3,-0.255,-0.376,-0.353,-0.364
1963,4,-0.177,-0.296,-0.224,-0.222
1963,5,-0.13,-0.276,-0.237,-0.184
1963,6,-0.141,-0.186,-0.151,-0.127
1963,7,0.003,-0.146,-0.091,0.019
1963,8,0.018,0.034,0.046,0.093
1963,9,0.019,-0.036,-0.018,0.075
1963,10,0.117,-0.086,-0.064,0.026
1963,11,0.056,-0.086,-0.019,0.02
1963,12,-0.114,-0.246,-0.091,-0.109
1964,1,-0.161,-0.316,-0.213,-0.252
1964,2,-0.235,-0.366,-0.282,-0.265
1964,3,-0.386,-0.466,-0.431,-0.443
1964,4,-0.354,-0.546,-0.458,-0.479
1964,5,-0.285,-0.476,-0.453,-0.392
1964,6,-0.269,-0.256,-0.239,-0.186
1964,7,-0.28,-0.266,-0.317,-0.244
1964,8,-0.364,-0.446,-0.479,-0.383
1964,9,-0.39,-0.526,-0.53,-0.467
1964,10,-0.375,-0.546,-0.421,-0.36
1964,11,-0.403,-0.446,-0.396,-0.368
1964,12,-0.461,-0.536,-0.366,-0.415
1965,1,-0.214,-0.306,-0.181,-0.214
1965,2,-0.357,-0.406,-0.316,-0.331
1965,3,-0.326,-0.336,-0.318,-0.3
1965,4,-0.363,-0.426,-0.32,-0.36
1965,5,-0.27,-0.366,-0.268,-0.261
1965,6,-0.218,-0.326,-0.333,-0.275
1965,7,-0.291,-0.356,-0.386,-0.31
1965,8,-0.214,-0.266,-0.25,-0.196
1965,9,-0.196,-0.396,-0.397,-0.295
1965,10,-0.132,-0.286,-0.2,-0.15
1965,11,-0.238,-0.296,-0.231,-0.188
1965,12,-0.173,-0.296,-0.168,-0.194
1966,1,-0.202,-0.406,-0.281,-0.299
1966,2,-0.201,-0.236,-0.203,-0.199
1966,3,-0.175,-0.186,-0.209,-0.22
1966,4,-0.213,-0.366,-0.2,-0.229
1966,5,-0.246,-0.346,-0.267,-0.278
1966,6,-0.07,-0.226,-0.163,-0.114
1966,7,-0.078,-0.146,-0.086,-0.039
1966,8,-0.125,-0.316,-0.229,-0.153
1966,9,-0.146,-0.256,-0.194,-0.138
1966,10,-0.212,-0.386,-0.343,-0.256
1966,11,-0.203,-0.256,-0.218,-0.165
1966,12,-0.248,-0.286,-0.155,-0.176
1967,1,-0.28,-0.296,-0.229,-0.27
1967,2,-0.345,-0.446,-0.392,-0.395
1967,3,-0.158,-0.186,-0.124,-0.137
1967,4,-0.171,-0.286,-0.148,-0.178
1967,5,-0.032,-0.086,0.059,0.056
1967,6,-0.189,-0.316,-0.172,-0.135
1967,7,-0.171,-0.226,-0.141,-0.071
1967,8,-0.169,-0.226,-0.173,-0.135
1967,9,-0.201,-0.296,-0.217,-0.182
1967,10,-0.046,-0.146,-0.101,-0.058
1967,11,-0.167,-0.296,-0.258,-0.164
1967,12,-0.255,-0.266,-0.151,-0.163
1968,1,-0.349,-0.486,-0.326,-0.352
1968,2,-0.32,-0.386,-0.308,-0.309
1968,3,-0.072,-0.026,-0.019,-0.025
1968,4,-0.277,-0.286,-0.181,-0.212
1968,5,-0.326,-0.366,-0.275,-0.28
1968,6,-0.215,-0.306,-0.187,-0.17
1968,7,-0.21,-0.356,-0.314,-0.247
1968,8,-0.167,-0.326,-0.274,-0.185
1968,9,-0.194,-0.416,-0.385,-0.31
1968,10,-0.129,-0.126,-0.076,-0.04
1968,11,-0.179,-0.266,-0.257,-0.185
1968,12,-0.218,-0.356,-0.2,-0.223
1969,1,-0.28,-0.336,-0.177,-0.198
1969,2,-0.276,-0.376,-0.249,-0.246
1969,3,-0.113,-0.226,-0.151,-0.145
1969,4,-0.002,-0.056,0.04,-0.003
1969,5,0.024,-0.046,0.072,0.052
1969,6,-0.083,-0.186,-0.049,-0.039
1969,7,-0.07,-0.256,-0.259,-0.182
1969,8,-0.054,-0.206,-0.163,-0.085
1969,9,-0.089,-0.146,-0.129,-0.067
1969,10,-0.077,-0.106,-0.085,-0.057
1969,11,0.023,-0.106,-0.081,-0.006
1969,12,0.086,0.044,0.164,0.126
1970,1,-0.038,-0.146,0.002,-0.028
1970,2,0.036,-0.016,0.001,0.013
1970,3,-0.177,-0.156,-0.118,-0.133
1970,4,-0.052,-0.146,-0.064,-0.105
1970,5,-0.144,-0.276,-0.17,-0.186
1970,6,-0.123,-0.256,-0.195,-0.125
1970,7,-0.158,-0.256,-0.224,-0.169
1970,8,-0.201,-0.326,-0.332,-0.251
1970,9,-0.148,-0.126,-0.112,-0.065
1970,10,-0.183,-0.176,-0.168,-0.118
1970,11,-0.158,-0.216,-0.212,-0.14
1970,12,-0.274,-0.356,-0.248,-0.273
1971,1,-0.21,-0.256,-0.197,-0.21
1971,2,-0.397,-0.426,-0.35,-0.346
1971,3,-0.39,-0.406,-0.363,-0.369
1971,4,-0.345,-0.316,-0.227,-0.284
1971,5,-0.322,-0.286,-0.288,-0.315
1971,6,-0.343,-0.426,-0.342,-0.291
1971,7,-0.238,-0.346,-0.323,-0.253
1971,8,-0.276,-0.266,-0.267,-0.261
1971,9,-0.232,-0.276,-0.221,-0.19
1971,10,-0.273,-0.296,-0.232,-0.232
1971,11,-0.194,-0.286,-0.237,-0.179
1971,12,-0.307,-0.326,-0.278,-0.296
1972,1,-0.487,-0.476,-0.429,-0.467
1972,2,-0.399,-0.396,-0.369,-0.386
1972,3,-0.24,-0.216,-0.171,-0.208
1972,4,-0.185,-0.236,-0.171,-0.203
1972,5,-0.173,-0.276,-0.164,-0.202
1972,6,-0.1,-0.176,-0.133,-0.103
1972,7,-0.125,-0.226,-0.232,-0.165
1972,8,-0.092,-0.066,-0.035,-0.035
1972,9,-0.161,-0.216,-0.185,-0.153
1972,10,-0.101,-0.146,-0.17,-0.134
1972,11,-0.106,-0.196,-0.206,-0.146
1972,12,0.079,-0.046,0.035,-0.005
1973,1,0.039,0.054,0.06,-0.01
1973,2,0.17,0.074,0.112,0.079
1973,3,0.118,0.034,-0.002,0.012
1973,4,0.054,0.024,0.105,0.066
1973,5,-0.023,0.014,0.058,0.032
1973,6,0.002,-0.056,-0.034,0.003
1973,7,-0.082,-0.136,-0.163,-0.094
1973,8,-0.091,-0.206,-0.179,-0.127
1973,9,-0.15,-0.136,-0.215,-0.144
1973,10,-0.155,-0.096,-0.142,-0.108
1973,11,-0.207,-0.176,-0.198,-0.149
1973,12,-0.221,-0.296,-0.222,-0.239
1974,1,-0.48,-0.386,-0.365,-0.451
1974,2,-0.518,-0.526,-0.513,-0.57
1974,3,-0.337,-0.296,-0.324,-0.358
1974,4,-0.288,-0.356,-0.271,-0.318
1974,5,-0.304,-0.256,-0.262,-0.281
1974,6,-0.261,-0.296,-0.23,-0.195
1974,7,-0.235,-0.286,-0.287,-0.243
1974,8,-0.191,-0.126,-0.089,-0.045
1974,9,-0.237,-0.346,-0.269,-0.211
1974,10,-0.328,-0.316,-0.275,-0.255
1974,11,-0.325,-0.306,-0.266,-0.249
1974,12,-0.35,-0.326,-0.292,-0.341
1975,1,-0.183,-0.166,-0.166,-0.231
1975,2,-0.201,-0.176,-0.101,-0.142
1975,3,-0.185,-0.106,-0.076,-0.132
1975,4,-0.198,-0.186,-0.12,-0.16
1975,5,-0.194,-0.076,-0.046,-0.089
1975,6,-0.194,-0.236,-0.169,-0.169
1975,7,-0.218,-0.246,-0.288,-0.234
1975,8,-0.288,-0.426,-0.438,-0.369
1975,9,-0.234,-0.266,-0.283,-0.252
1975,10,-0.342,-0.326,-0.292,-0.253
1975,11,-0.427,-0.396,-0.47,-0.419
1975,12,-0.417,-0.406,-0.348,-0.399
1976,1,-0.341,-0.246,-0.268,-0.317
1976,2,-0.437,-0.296,-0.355,-0.404
1976,3,-0.553,-0.446,-0.471,-0.503
1976,4,-0.303,-0.316,-0.299,-0.326
1976,5,-0.425,-0.476,-0.482,-0.515
1976,6,-0.358,-0.396,-0.405,-0.393
1976,7,-0.29,-0.336,-0.306,-0.239
1976,8,-0.31,-0.386,-0.391,-0.354
1976,9,-0.27,-0.326,-0.27,-0.262
1976,10,-0.424,-0.496,-0.434,-0.405
1976,11,-0.288,-0.276,-0.306,-0.292
1976,12,-0.195,-0.136,-0.101,-0.166
1977,1,-0.182,-0.046,0.058,-0.017
1977,2,-0.031,-0.016,-0.019,-0.037
1977,3,-0.006,0.014,-0.063,-0.081
1977,4,-0.014,0.044,0.026,-0.029
1977,5,-0.036,0.064,0.116,0.033
1977,6,0.004,0.004,0.063,0.054
1977,7,-0.043,-0.036,-0.039,-0.008
1977,8,-0.109,-0.076,0.0,-0.022
1977,9,-0.075,-0.236,-0.221,-0.153
1977,10,-0.113,-0.216,-0.198,-0.173
1977,11,0.033,-0.066,-0.089,-0.03
1977,12,-0.159,-0.206,-0.171,-0.21
1978,1,-0.091,-0.176,-0.132,-0.147
1978,2,-0.143,-0.096,-0.086,-0.106
1978,3,-0.08,-0.026,-0.073,-0.093
1978,4,-0.169,-0.086,-0.038,-0.095
1978,5,-0.193,-0.176,-0.119,-0.149
1978,6,-0.243,-0.256,-0.266,-0.264
1978,7,-0.174,-0.206,-0.212,-0.173
1978,8,-0.293,-0.406,-0.476,-0.403
1978,9,-0.162,-0.176,-0.171,-0.138
1978,10,-0.22,-0.236,-0.262,-0.238
1978,11,-0.062,-0.076,-0.088,-0.035
1978,12,-0.206,-0.136,-0.139,-0.169
1979,1,-0.137,-0.116,-0.089,-0.115
1979,2,-0.246,-0.336,-0.345,-0.348
1979,3,-0.092,-0.056,-0.075,-0.109
1979,4,-0.158,-0.106,-0.03,-0.09
1979,5,-0.141,-0.186,-0.186,-0.227
1979,6,-0.05,-0.106,-0.163,-0.121
1979,7,-0.054,-0.216,-0.233,-0.165
1979,8,-0.025,-0.096,-0.098,-0.068
1979,9,-0.016,0.014,0.002,-0.019
1979,10,0.027,0.004,-0.024,-0.008
1979,11,0.038,0.044,-0.009,0.045
1979,12,0.247,0.234,0.244,0.213
1980,1,0.026,0.064,0.107,0.056
1980,2,0.109,0.184,0.183,0.189
1980,3,-0.039,0.064,0.106,0.059
1980,4,0.036,0.094,0.163,0.084
1980,5,0.034,0.124,0.121,0.066
1980,6,-0.038,-0.066,-0.051,-0.059
1980,7,-0.047,0.044,0.045,0.051
1980,8,-0.07,-0.006,0.0,-0.001
1980,9,-0.069,-0.046,-0.06,-0.029
1980,10,-0.097,-0.056,-0.111,-0.076
1980,11,0.021,0.054,-0.015,0.048
1980,12,-0.053,-0.046,-0.062,-0.087
1981,1,0.221,0.314,0.314,0.277
1981,2,0.089,0.174,0.144,0.118
1981,3,0.1,0.254,0.2,0.148
1981,4,0.023,0.074,0.062,-0.03
1981,5,-0.042,0.004,0.003,-0.038
1981,6,0.017,0.084,0.104,0.092
1981,7,-0.019,0.104,0.093,0.112
1981,8,0.013,0.084,0.123,0.121
1981,9,-0.036,-0.066,-0.054,-0.004
1981,10,-0.104,-0.096,-0.128,-0.1
1981,11,-0.036,0.004,-0.076,-0.021
1981,12,0.157,0.194,0.209,0.18
1982,1,-0.153,-0.136,-0.136,-0.17
1982,2,-0.102,-0.086,-0.116,-0.1
1982,3,-0.237,-0.246,-0.273,-0.312
1982,4,-0.079,-0.136,-0.163,-0.165
1982,5,-0.068,-0.076,-0.106,-0.114
1982,6,-0.163,-0.186,-0.212,-0.192
1982,7,-0.124,-0.106,-0.142,-0.101
1982,8,-0.117,-0.166,-0.201,-0.173
1982,9,-0.033,-0.096,-0.129,-0.105
1982,10,-0.102,-0.106,-0.124,-0.069
1982,11,-0.117,-0.086,-0.176,-0.111
1982,12,0.142,0.194,0.17,0.126
1983,1,0.32,0.284,0.232,0.233
1983,2,0.205,0.164,0.172,0.145
1983,3,0.105,0.184,0.106,0.073
1983,4,0.012,0.074,0.08,0.001
1983,5,0.029,0.124,0.14,0.076
1983,6,0.026,-0.036,-0.039,-0.004
1983,7,0.044,-0.066,-0.095,-0.036
1983,8,0.092,0.094,0.111,0.123
1983,9,0.08,0.154,0.135,0.154
1983,10,-0.009,-0.076,-0.107,-0.066
1983,11,0.148,0.084,-0.002,0.086
1983,12,-0.019,-0.066,-0.03,-0.038
1984,1,0.01,0.064,0.034,0.002
1984,2,-0.095,-0.066,-0.123,-0.159
1984,3,-0.059,0.054,0.027,-0.025
1984,4,-0.154,-0.156,-0.093,-0.151
1984,5,-0.016,0.094,0.118,0.072
1984,6,-0.123,-0.186,-0.172,-0.173
1984,7,-0.145,-0.066,-0.22,-0.158
1984,8,-0.067,-0.076,-0.096,-0.043
1984,9,-0.075,-0.026,-0.052,0.002
1984,10,-0.13,-0.076,-0.157,-0.139
1984,11,-0.229,-0.176,-0.282,-0.192
1984,12,-0.382,-0.286,-0.283,-0.318
1985,1,-0.097,-0.016,0.03,-0.015
1985,2,-0.241,-0.306,-0.221,-0.236
1985,3,-0.134,-0.066,-0.074,-0.113
1985,4,-0.148,-0.126,-0.102,-0.174
1985,5,-0.111,-0.066,-0.088,-0.137
1985,6,-0.169,-0.066,-0.11,-0.09
1985,7,-0.168,-0.246,-0.282,-0.222
1985,8,-0.082,-0.096,-0.062,-0.036
1985,9,-0.14,-0.086,-0.104,-0.083
1985,10,-0.09,-0.126,-0.151,-0.11
1985,11,-0.18,-0.156,-0.225,-0.155
1985,12,-0.094,-0.086,-0.065,-0.098
1986,1,0.016,0.044,-0.026,-0.034
1986,2,-0.018,0.154,0.148,0.125
1986,3,-0.033,0.034,0.0,-0.047
1986,4,-0.03,0.004,0.055,-0.035
1986,5,-0.063,0.004,-0.003,-0.063
1986,6,-0.059,-0.126,-0.163,-0.144
1986,7,-0.11,-0.126,-0.156,-0.13
1986,8,-0.106,-0.116,-0.085,-0.085
1986,9,-0.097,-0.236,-0.189,-0.171
1986,10,-0.042,-0.106,-0.125,-0.079
1986,11,-0.115,-0.126,-0.196,-0.13
1986,12,-0.098,-0.076,-0.091,-0.144
1987,1,0.004,0.124,0.071,0.023
1987,2,0.194,0.214,0.117,0.118
1987,3,-0.086,-0.076,-0.055,-0.1
1987,4,-0.013,-0.016,0.025,-0.045
1987,5,0.04,0.014,0.047,-0.02
1987,6,0.019,0.134,0.101,0.066
1987,7,0.161,0.214,0.175,0.198
1987,8,0.129,0.044,0.035,0.046
1987,9,0.166,0.154,0.065,0.096
1987,10,0.096,0.084,0.034,0.068
1987,11,0.089,0.014,-0.073,0.014
1987,12,0.214,0.244,0.243,0.183
1988,1,0.28,0.334,0.288,0.264
1988,2,0.125,0.194,0.155,0.145
1988,3,0.154,0.274,0.188,0.181
1988,4,0.117,0.214,0.219,0.132
1988,5,0.103,0.204,0.174,0.143
1988,6,0.113,0.194,0.169,0.155
1988,7,0.065,0.104,0.057,0.063
1988,8,0.068,0.234,0.15,0.108
1988,9,0.075,0.174,0.093,0.111
1988,10,0.031,0.164,0.045,0.091
1988,11,-0.081,-0.116,-0.22,-0.128
1988,12,0.038,0.094,0.004,0.002
1989,1,-0.096,-0.086,-0.197,-0.225
1989,2,0.041,0.114,0.074,0.069
1989,3,0.028,0.134,0.033,0.0
1989,4,-0.027,0.094,0.062,-0.039
1989,5,-0.029,-0.066,-0.146,-0.124
1989,6,-0.034,-0.086,-0.127,-0.089
1989,7,0.048,0.094,0.039,0.091
1989,8,0.069,0.134,0.034,0.061
1989,9,0.034,0.134,0.058,0.114
1989,10,0.043,0.084,0.055,0.068
1989,11,-0.048,-0.036,-0.14,-0.086
1989,12,0.093,0.144,0.151,0.105
1990,1,0.109,0.164,0.167,0.119
1990,2,0.199,0.174,0.109,0.12
1990,3,0.454,0.524,0.457,0.433
1990,4,0.258,0.314,0.359,0.315
1990,5,0.17,0.224,0.259,0.204
1990,6,0.169,0.144,0.145,0.157
1990,7,0.123,0.194,0.183,0.194
1990,8,0.142,0.064,0.069,0.086
1990,9,0.07,0.054,0.015,0.04
1990,10,0.224,0.174,0.149,0.242
1990,11,0.21,0.214,0.133,0.183
1990,12,0.14,0.174,0.158,0.108
1991,1,0.18,0.164,0.155,0.133
1991,2,0.19,0.254,0.226,0.22
1991,3,0.09,0.114,0.107,0.087
1991,4,0.275,0.284,0.312,0.27
1991,5,0.195,0.134,0.164,0.159
1991,6,0.198,0.294,0.257,0.245
1991,7,0.199,0.234,0.226,0.294
1991,8,0.15,0.154,0.178,0.204
1991,9,0.135,0.244,0.18,0.209
1991,10,0.083,0.064,0.067,0.079
1991,11,0.052,0.074,0.026,0.082
1991,12,0.012,0.084,0.11,0.056
1992,1,0.259,0.204,0.237,0.21
1992,2,0.211,0.174,0.179,0.148
1992,3,0.15,0.234,0.196,0.164
1992,4,0.029,-0.006,0.079,0.009
1992,5,0.065,0.084,0.079,0.058
1992,6,0.022,0.014,0.032,0.022
1992,7,-0.124,-0.126,-0.116,-0.126
1992,8,-0.101,-0.166,-0.158,-0.114
1992,9,-0.172,-0.246,-0.274,-0.224
1992,10,-0.156,-0.146,-0.209,-0.15
1992,11,-0.192,-0.206,-0.254,-0.193
1992,12,-0.026,-0.026,-0.014,-0.06
1993,1,0.199,0.134,0.148,0.153
1993,2,0.145,0.144,0.134,0.12
1993,3,0.131,0.124,0.113,0.099
1993,4,0.023,0.024,0.088,0.016
1993,5,0.07,0.034,0.035,0.028
1993,6,0.071,0.014,0.02,0.045
1993,7,0.023,0.044,0.0,0.027
1993,8,-0.011,-0.106,-0.086,-0.065
1993,9,-0.038,-0.136,-0.082,-0.033
1993,10,0.001,-0.016,-0.001,0.022
1993,11,-0.144,-0.176,-0.164,-0.108
1993,12,0.021,-0.076,-0.041,-0.059
1994,1,0.074,0.034,0.026,0.024
1994,2,-0.156,-0.216,-0.189,-0.173
1994,3,0.114,0.024,0.078,0.066
1994,4,0.102,0.164,0.168,0.11
1994,5,0.16,0.044,0.076,0.106
1994,6,0.154,0.184,0.184,0.205
1994,7,0.062,0.064,0.025,0.087
1994,8,0.078,-0.026,-0.048,0.028
1994,9,0.082,0.054,0.065,0.098
1994,10,0.203,0.174,0.179,0.234
1994,11,0.206,0.224,0.139,0.213
1994,12,0.138,0.124,0.12,0.07
1995,1,0.313,0.274,0.236,0.237
1995,2,0.493,0.544,0.467,0.474
1995,3,0.214,0.214,0.192,0.179
1995,4,0.177,0.234,0.279,0.231
1995,5,0.11,0.024,0.073,0.05
1995,6,0.204,0.174,0.207,0.23
1995,7,0.223,0.234,0.242,0.296
1995,8,0.249,0.214,0.27,0.258
1995,9,0.155,0.084,0.117,0.133
1995,10,0.228,0.234,0.226,0.248
1995,11,0.216,0.214,0.18,0.232
1995,12,0.024,0.044,0.061,0.002
1996,1,0.008,0.014,0.062,0.033
1996,2,0.215,0.244,0.298,0.28
1996,3,0.078,0.084,0.162,0.125
1996,4,0.022,0.124,0.185,0.081
1996,5,0.116,0.024,0.029,0.068
1996,6,0.06,0.014,-0.021,0.006
1996,7,0.113,0.114,0.089,0.185
1996,8,0.099,0.244,0.256,0.201
1996,9,-0.004,0.014,0.026,0.059
1996,10,0.024,-0.046,-0.063,0.005
1996,11,0.038,0.174,0.144,0.15
1996,12,0.124,0.164,0.209,0.156
1997,1,0.103,0.074,0.103,0.076
1997,2,0.205,0.144,0.14,0.136
1997,3,0.236,0.294,0.297,0.258
1997,4,0.158,0.124,0.231,0.204
1997,5,0.178,0.114,0.166,0.139
1997,6,0.303,0.294,0.339,0.36
1997,7,0.265,0.104,0.116,0.19
1997,8,0.332,0.174,0.189,0.261
1997,9,0.371,0.294,0.298,0.311
1997,10,0.45,0.384,0.415,0.432
1997,11,0.393,0.404,0.416,0.439
1997,12,0.395,0.354,0.392,0.342
1998,1,0.381,0.364,0.376,0.33
1998,2,0.655,0.664,0.593,0.578
1998,3,0.441,0.394,0.417,0.413
1998,4,0.542,0.394,0.531,0.484
1998,5,0.474,0.454,0.502,0.478
1998,6,0.483,0.534,0.526,0.531
1998,7,0.565,0.444,0.46,0.533
1998,8,0.497,0.424,0.487,0.509
1998,9,0.292,0.184,0.23,0.251
1998,10,0.299,0.204,0.211,0.259
1998,11,0.19,0.254,0.212,0.259
1998,12,0.364,0.324,0.389,0.358
1999,1,0.239,0.244,0.237,0.222
1999,2,0.475,0.414,0.42,0.425
1999,3,0.118,0.104,0.116,0.085
1999,4,0.216,0.084,0.156,0.134
1999,5,0.137,0.074,0.076,0.074
1999,6,0.165,0.134,0.162,0.177
1999,7,0.18,0.134,0.136,0.152
1999,8,0.12,0.074,0.108,0.122
1999,9,0.197,0.174,0.209,0.166
1999,10,0.145,0.154,0.13,0.149
1999,11,0.133,0.144,0.132,0.171
1999,12,0.262,0.194,0.243,0.189
2000,1,0.116,0.004,0.096,0.05
2000,2,0.341,0.324,0.346,0.332
2000,3,0.274,0.334,0.319,0.272
2000,4,0.371,0.334,0.379,0.337
2000,5,0.171,0.124,0.16,0.13
2000,6,0.162,0.174,0.185,0.204
2000,7,0.153,0.144,0.137,0.205
2000,8,0.245,0.184,0.236,0.235
2000,9,0.204,0.164,0.2,0.212
2000,10,0.117,0.044,0.029,0.066
2000,11,0.052,0.084,0.082,0.127
2000,12,0.049,0.054,0.109,0.07
2001,1,0.249,0.184,0.272,0.222
2001,2,0.211,0.204,0.248,0.248
2001,3,0.402,0.324,0.358,0.374
2001,4,0.354,0.274,0.367,0.302
2001,5,0.31,0.324,0.342,0.295
2001,6,0.311,0.304,0.312,0.294
2001,7,0.356,0.364,0.333,0.347
2001,8,0.397,0.244,0.233,0.348
2001,9,0.323,0.304,0.306,0.352
2001,10,0.313,0.274,0.275,0.314
2001,11,0.505,0.464,0.474,0.571
2001,12,0.275,0.324,0.448,0.395
2002,1,0.546,0.514,0.546,0.508
2002,2,0.595,0.514,0.486,0.482
2002,3,0.593,0.664,0.684,0.649
2002,4,0.352,0.324,0.438,0.363
2002,5,0.319,0.394,0.431,0.374
2002,6,0.363,0.314,0.322,0.333
2002,7,0.383,0.374,0.331,0.43
2002,8,0.345,0.294,0.301,0.362
2002,9,0.316,0.384,0.412,0.355
2002,10,0.303,0.314,0.361,0.387
2002,11,0.342,0.344,0.323,0.36
2002,12,0.217,0.204,0.306,0.24
2003,1,0.492,0.494,0.558,0.522
2003,2,0.351,0.314,0.356,0.347
2003,3,0.342,0.334,0.348,0.347
2003,4,0.329,0.294,0.385,0.334
2003,5,0.365,0.364,0.407,0.364
2003,6,0.346,0.234,0.251,0.287
2003,7,0.367,0.294,0.302,0.341
2003,8,0.441,0.414,0.403,0.473
2003,9,0.428,0.404,0.423,0.459
2003,10,0.504,0.504,0.485,0.53
2003,11,0.349,0.284,0.296,0.352
2003,12,0.481,0.494,0.554,0.505
2004,1,0.399,0.344,0.403,0.385
2004,2,0.505,0.484,0.48,0.472
2004,3,0.424,0.404,0.381,0.368
2004,4,0.369,0.394,0.42,0.371
2004,5,0.203,0.144,0.144,0.195
2004,6,0.214,0.194,0.176,0.169
2004,7,0.251,0.004,0.006,0.13
2004,8,0.286,0.194,0.198,0.3
2004,9,0.33,0.264,0.265,0.318
2004,10,0.356,0.404,0.347,0.393
2004,11,0.496,0.464,0.441,0.49
2004,12,0.247,0.274,0.314,0.266
2005,1,0.441,0.484,0.551,0.503
2005,2,0.288,0.334,0.435,0.384
2005,3,0.457,0.454,0.545,0.505
2005,4,0.503,0.424,0.536,0.5
2005,5,0.41,0.394,0.452,0.406
2005,6,0.444,0.424,0.438,0.415
2005,7,0.439,0.394,0.346,0.406
2005,8,0.43,0.364,0.382,0.449
2005,9,0.466,0.504,0.479,0.521
2005,10,0.506,0.524,0.546,0.569
2005,11,0.519,0.474,0.482,0.523
2005,12,0.354,0.414,0.546,0.47
2006,1,0.275,0.324,0.426,0.361
2006,2,0.463,0.454,0.585,0.522
2006,3,0.353,0.384,0.452,0.385
2006,4,0.299,0.264,0.368,0.316
2006,5,0.297,0.224,0.305,0.294
2006,6,0.41,0.404,0.408,0.403
2006,7,0.378,0.284,0.21,0.31
2006,8,0.427,0.464,0.501,0.503
2006,9,0.395,0.374,0.375,0.396
2006,10,0.461,0.434,0.463,0.488
2006,11,0.432,0.464,0.471,0.512
2006,12,0.583,0.494,0.606,0.567
2007,1,0.72,0.714,0.762,0.739
2007,2,0.459,0.464,0.526,0.509
2007,3,0.409,0.454,0.478,0.429
2007,4,0.479,0.494,0.628,0.557
2007,5,0.34,0.424,0.456,0.409
2007,6,0.312,0.344,0.345,0.387
2007,7,0.331,0.364,0.353,0.439
2007,8,0.332,0.334,0.352,0.416
2007,9,0.347,0.354,0.333,0.369
2007,10,0.359,0.334,0.391,0.418
2007,11,0.283,0.314,0.354,0.411
2007,12,0.233,0.224,0.292,0.269
2008,1,0.05,-0.006,0.071,0.045
2008,2,0.127,0.104,0.114,0.13
2008,3,0.451,0.484,0.441,0.445
2008,4,0.219,0.274,0.356,0.291
2008,5,0.232,0.234,0.315,0.281
2008,6,0.257,0.214,0.25,0.236
2008,7,0.343,0.344,0.307,0.404
2008,8,0.324,0.194,0.213,0.297
2008,9,0.299,0.384,0.406,0.386
2008,10,0.438,0.394,0.446,0.464
2008,11,0.418,0.404,0.414,0.471
2008,12,0.287,0.294,0.344,0.312
2009,1,0.37,0.374,0.477,0.442
2009,2,0.335,0.274,0.331,0.319
2009,3,0.296,0.274,0.276,0.259
2009,4,0.403,0.344,0.414,0.37
2009,5,0.333,0.404,0.4,0.371
2009,6,0.438,0.404,0.43,0.485
2009,7,0.428,0.454,0.502,0.543
2009,8,0.478,0.414,0.447,0.469
2009,9,0.459,0.434,0.463,0.506
2009,10,0.408,0.394,0.443,0.465
2009,11,0.442,0.524,0.534,0.542
2009,12,0.376,0.414,0.541,0.477
2010,1,0.452,0.494,0.58,0.528
2010,2,0.484,0.554,0.656,0.623
2010,3,0.574,0.674,0.68,0.681
2010,4,0.581,0.614,0.727,0.674
2010,5,0.484,0.494,0.551,0.534
2010,6,0.477,0.384,0.437,0.464
2010,7,0.507,0.354,0.337,0.456
2010,8,0.431,0.384,0.413,0.446
2010,9,0.34,0.354,0.383,0.406
2010,10,0.389,0.444,0.484,0.497
2010,11,0.484,0.534,0.527,0.586
2010,12,0.226,0.224,0.33,0.29
2011,1,0.207,0.244,0.354,0.308
2011,2,0.216,0.264,0.325,0.26
2011,3,0.312,0.384,0.434,0.394
2011,4,0.383,0.384,0.449,0.411
2011,5,0.285,0.264,0.317,0.274
2011,6,0.386,0.334,0.392,0.403
2011,7,0.403,0.474,0.479,0.489
2011,8,0.383,0.474,0.524,0.519
2011,9,0.338,0.304,0.33,0.377
2011,10,0.35,0.384,0.398,0.423
2011,11,0.245,0.314,0.312,0.356
2011,12,0.294,0.294,0.39,0.338
2012,1,0.202,0.204,0.244,0.22
2012,2,0.193,0.234,0.278,0.28
2012,3,0.252,0.314,0.262,0.258
2012,4,0.466,0.434,0.507,0.46
2012,5,0.465,0.504,0.54,0.493
2012,6,0.448,0.384,0.409,0.456
2012,7,0.399,0.294,0.252,0.347
2012,8,0.428,0.374,0.424,0.427
2012,9,0.448,0.484,0.478,0.459
2012,10,0.448,0.504,0.579,0.576
2012,11,0.442,0.494,0.541,0.575
2012,12,0.163,0.284,0.358,0.279
2013,1,0.363,0.424,0.487,0.426
2013,2,0.39,0.314,0.347,0.315
2013,3,0.313,0.414,0.424,0.364
2013,4,0.342,0.294,0.388,0.363
2013,5,0.417,0.334,0.412,0.359
2013,6,0.393,0.414,0.404,0.438
2013,7,0.41,0.334,0.309,0.417
2013,8,0.433,0.424,0.434,0.47
2013,9,0.438,0.534,0.51,0.551
2013,10,0.408,0.434,0.423,0.469
2013,11,0.552,0.544,0.562,0.614
2013,12,0.424,0.414,0.491,0.435
2014,1,0.426,0.494,0.531,0.484
2014,2,0.219,0.274,0.284,0.274
2014,3,0.476,0.524,0.514,0.499
2014,4,0.559,0.524,0.582,0.565
2014,5,0.5,0.614,0.627,0.576
2014,6,0.517,0.424,0.414,0.47
2014,7,0.436,0.314,0.299,0.402
2014,8,0.569,0.574,0.601,0.604
2014,9,0.493,0.644,0.606,0.604
2014,10,0.527,0.574,0.571,0.601
2014,11,0.396,0.424,0.358,0.447
2014,12,0.547,0.544,0.537,0.523
2015,1,0.597,0.574,0.59,0.572
2015,2,0.581,0.624,0.616,0.585
2015,3,0.6,0.664,0.639,0.613
2015,4,0.565,0.504,0.567,0.536
2015,5,0.603,0.514,0.568,0.543
2015,6,0.635,0.554,0.544,0.576
2015,7,0.589,0.474,0.436,0.549
2015,8,0.632,0.544,0.569,0.586
2015,9,0.688,0.574,0.594,0.65
2015,10,0.737,0.834,0.821,0.842
2015,11,0.732,0.784,0.753,0.816
2015,12,0.916,0.864,0.895,0.865
2016,1,0.826,0.914,0.968,0.938
2016,2,1.003,1.104,1.057,1.044
2016,3,0.998,1.064,1.046,1.003
2016,4,0.829,0.834,0.895,0.84
2016,5,0.599,0.674,0.759,0.653
2016,6,0.636,0.534,0.545,0.587
2016,7,0.636,0.584,0.555,0.615
2016,8,0.682,0.764,0.745,0.777
2016,9,0.621,0.634,0.618,0.649
2016,10,0.49,0.654,0.688,0.678
2016,11,0.445,0.664,0.689,0.676
2016,12,0.512,0.594,0.694,0.613
2017,1,0.631,0.734,0.812,0.723
2017,2,0.737,0.884,0.882,0.823
2017,3,0.765,0.884,0.944,0.854
2017,4,0.629,0.684,0.764,0.672
2017,5,0.551,0.644,0.7,0.61
2017,6,0.533,0.454,0.444,0.476
2017,7,0.543,0.584,0.474,0.537
2017,8,0.606,0.624,0.58,0.605
2017,9,0.449,0.514,0.411,0.434
2017,10,0.463,0.634,0.584,0.561
2017,11,0.446,0.614,0.562,0.571
2017,12,0.492,0.644,0.704,0.58
2018,1,0.446,0.524,0.596,0.521
2018,2,0.42,0.604,0.631,0.59
2018,3,0.507,0.674,0.64,0.559
2018,4,0.519,0.634,0.708,0.606
2018,5,0.479,0.574,0.579,0.496
2018,6,0.465,0.504,0.541,0.543
2018,7,0.486,0.544,0.506,0.524
2018,8,0.483,0.484,0.553,0.547
2018,9,0.491,0.514,0.494,0.499
2018,10,0.576,0.744,0.696,0.708
2018,11,0.483,0.534,0.602,0.554
2018,12,,,,
